Device_id,Name,Type,Accelerator Core,Start Time(us),Duration(us),Wait Time(us),Block Num
6,Range,N/A,N/A,1788518699021976.715	,8.620,0,0
6,Cast,N/A,N/A,1788518699021985.355	,1.080,0.000000,0
6,GatherV2,N/A,N/A,1788518699021986.455	,2.660,0.170000,0
6,RmsNorm,N/A,N/A,1788518699021989.195	,8.980,0.090000,0
6,MatMul,N/A,N/A,1788518699021998.195	,11.160,0.020000,0
6,SplitV,N/A,N/A,1788518699022009.375	,1.520,0.090000,0
6,Add,N/A,N/A,1788518699022010.935	,2.420,0.000000,0
6,GatherV2_1,N/A,N/A,1788518699022013.375	,3.060,0.080000,0
6,Scatter_1,N/A,N/A,1788518699022016.455	,3.500,0.000000,0
6,Greater,N/A,N/A,1788518699022020.015	,9.160,0.000000,0
6,Unpack,N/A,N/A,1788518699022029.215	,0.820,0.090000,0
6,ApplyRotaryPosEmb,N/A,N/A,1788518699022030.055	,3.840,0.000000,0
6,Scatter,N/A,N/A,1788518699022033.915	,2.920,0.160000,0
6,IncreFlashAttention,N/A,N/A,1788518699022038.055	,22.760,1.080000,0
6,MatMul_1,N/A,N/A,1788518699022061.735	,7.480,0.990000,0
6,InplaceAddRmsNorm,N/A,N/A,1788518699022069.235	,3.120,0.020000,0
6,MatMul_2,N/A,N/A,1788518699022072.375	,8.040,0.130000,0
6,MatMul_3,N/A,N/A,1788518699022080.455	,6.460,0.000000,0
6,SwishMul,N/A,N/A,1788518699022086.935	,5.340,0.040000,0
6,MatMul_4,N/A,N/A,1788518699022092.295	,10.120,0.000000,0
6,InplaceAddRmsNorm_1,N/A,N/A,1788518699022102.475	,2.820,0.130000,0
6,MatMul_5,N/A,N/A,1788518699022105.315	,4.520,0.000000,0
6,SplitV_1,N/A,N/A,1788518699022109.855	,1.100,0.000000,0
6,ApplyRotaryPosEmb_1,N/A,N/A,1788518699022110.975	,2.540,0.150000,0
6,Scatter_2,N/A,N/A,1788518699022113.535	,1.220,0.000000,0
6,Scatter_3,N/A,N/A,1788518699022114.815	,1.980,0.030000,0
6,IncreFlashAttention_1,N/A,N/A,1788518699022117.775	,19.900,1.020000,0
6,MatMul_6,N/A,N/A,1788518699022138.415	,3.240,0.850000,0
6,InplaceAddRmsNorm_2,N/A,N/A,1788518699022141.675	,2.800,0.010000,0
6,MatMul_7,N/A,N/A,1788518699022144.495	,3.760,0.000000,0
6,MatMul_8,N/A,N/A,1788518699022148.275	,3.280,0.000000,0
6,Swish_1Mul_1,N/A,N/A,1788518699022151.595	,3.680,0.000000,0
6,MatMul_9,N/A,N/A,1788518699022155.295	,5.480,0.070000,0
6,InplaceAddRmsNorm_3,N/A,N/A,1788518699022160.835	,1.960,0.020000,0
6,MatMul_10,N/A,N/A,1788518699022162.835	,4.320,0.040000,0
6,SplitV_2,N/A,N/A,1788518699022167.195	,1.160,0.180000,0
6,ApplyRotaryPosEmb_2,N/A,N/A,1788518699022168.375	,4.080,0.090000,0
6,Scatter_4,N/A,N/A,1788518699022172.475	,1.200,0.000000,0
6,Scatter_5,N/A,N/A,1788518699022173.735	,2.680,0.050000,0
6,IncreFlashAttention_2,N/A,N/A,1788518699022177.755	,15.560,1.320000,0
6,MatMul_11,N/A,N/A,1788518699022194.095	,3.980,0.690000,0
6,InplaceAddRmsNorm_4,N/A,N/A,1788518699022198.095	,2.100,0.020000,0
6,MatMul_12,N/A,N/A,1788518699022200.215	,3.960,0.150000,0
6,MatMul_13,N/A,N/A,1788518699022204.215	,3.260,0.040000,0
6,Swish_2Mul_2,N/A,N/A,1788518699022207.495	,3.580,0.000000,0
6,MatMul_14,N/A,N/A,1788518699022211.095	,4.440,0.000000,0
6,InplaceAddRmsNorm_5,N/A,N/A,1788518699022215.595	,1.900,0.060000,0
6,MatMul_15,N/A,N/A,1788518699022217.515	,4.580,0.100000,0
6,SplitV_3,N/A,N/A,1788518699022222.115	,1.100,0.000000,0
6,ApplyRotaryPosEmb_3,N/A,N/A,1788518699022223.235	,4.200,0.150000,0
6,Scatter_6,N/A,N/A,1788518699022227.475	,1.220,0.050000,0
6,Scatter_7,N/A,N/A,1788518699022228.755	,1.520,0.030000,0
6,IncreFlashAttention_3,N/A,N/A,1788518699022232.115	,16.920,1.730000,0
6,MatMul_16,N/A,N/A,1788518699022249.835	,3.280,0.830000,0
6,InplaceAddRmsNorm_6,N/A,N/A,1788518699022253.135	,2.420,0.220000,0
6,MatMul_17,N/A,N/A,1788518699022255.575	,3.780,0.000000,0
6,MatMul_18,N/A,N/A,1788518699022259.375	,4.040,0.220000,0
6,Swish_3Mul_3,N/A,N/A,1788518699022263.435	,3.200,0.000000,0
6,MatMul_19,N/A,N/A,1788518699022266.655	,4.160,0.050000,0
6,InplaceAddRmsNorm_7,N/A,N/A,1788518699022270.875	,1.560,0.090000,0
6,MatMul_20,N/A,N/A,1788518699022272.455	,4.540,0.000000,0
6,SplitV_4,N/A,N/A,1788518699022277.015	,1.160,0.000000,0
6,ApplyRotaryPosEmb_4,N/A,N/A,1788518699022278.195	,3.140,0.090000,0
6,Scatter_8,N/A,N/A,1788518699022281.355	,1.800,0.000000,0
6,Scatter_9,N/A,N/A,1788518699022283.215	,2.100,0.200000,0
6,IncreFlashAttention_4,N/A,N/A,1788518699022286.815	,19.360,1.400000,0
6,MatMul_21,N/A,N/A,1788518699022306.855	,3.340,0.640000,0
6,InplaceAddRmsNorm_8,N/A,N/A,1788518699022310.215	,2.600,0.160000,0
6,MatMul_22,N/A,N/A,1788518699022312.835	,3.600,0.000000,0
6,MatMul_23,N/A,N/A,1788518699022316.455	,4.240,0.150000,0
6,Swish_4Mul_4,N/A,N/A,1788518699022320.715	,3.480,0.010000,0
6,MatMul_24,N/A,N/A,1788518699022324.215	,4.140,0.020000,0
6,InplaceAddRmsNorm_9,N/A,N/A,1788518699022328.415	,1.740,0.110000,0
6,MatMul_25,N/A,N/A,1788518699022330.175	,4.260,0.010000,0
6,SplitV_5,N/A,N/A,1788518699022334.475	,1.100,0.000000,0
6,ApplyRotaryPosEmb_5,N/A,N/A,1788518699022335.595	,6.580,0.000000,0
6,Scatter_10,N/A,N/A,1788518699022342.195	,3.220,0.170000,0
6,Scatter_11,N/A,N/A,1788518699022345.475	,2.700,0.030000,0
6,IncreFlashAttention_5,N/A,N/A,1788518699022349.775	,16.780,1.550000,0
6,MatMul_26,N/A,N/A,1788518699022367.355	,3.320,0.720000,0
6,InplaceAddRmsNorm_10,N/A,N/A,1788518699022370.695	,2.580,0.180000,0
6,MatMul_27,N/A,N/A,1788518699022373.295	,3.680,0.000000,0
6,MatMul_28,N/A,N/A,1788518699022376.995	,3.280,0.070000,0
6,Swish_5Mul_5,N/A,N/A,1788518699022380.295	,3.360,0.000000,0
6,MatMul_29,N/A,N/A,1788518699022383.675	,3.840,0.140000,0
6,InplaceAddRmsNorm_11,N/A,N/A,1788518699022387.595	,1.940,0.000000,0
6,MatMul_30,N/A,N/A,1788518699022389.575	,5.200,0.060000,0
6,SplitV_6,N/A,N/A,1788518699022394.795	,1.180,0.050000,0
6,ApplyRotaryPosEmb_6,N/A,N/A,1788518699022396.015	,3.400,0.070000,0
6,Scatter_12,N/A,N/A,1788518699022399.435	,1.660,0.100000,0
6,Scatter_13,N/A,N/A,1788518699022401.155	,2.260,0.090000,0
6,IncreFlashAttention_6,N/A,N/A,1788518699022404.495	,15.480,0.990000,0
6,MatMul_31,N/A,N/A,1788518699022420.715	,3.240,0.770000,0
6,InplaceAddRmsNorm_12,N/A,N/A,1788518699022423.975	,2.400,0.010000,0
6,MatMul_32,N/A,N/A,1788518699022426.415	,3.840,0.100000,0
6,MatMul_33,N/A,N/A,1788518699022430.275	,3.320,0.000000,0
6,Swish_6Mul_6,N/A,N/A,1788518699022433.635	,4.020,0.180000,0
6,MatMul_34,N/A,N/A,1788518699022437.675	,4.140,0.000000,0
6,InplaceAddRmsNorm_13,N/A,N/A,1788518699022441.875	,1.940,0.110000,0
6,MatMul_35,N/A,N/A,1788518699022443.835	,3.860,0.000000,0
6,SplitV_7,N/A,N/A,1788518699022447.715	,1.140,0.140000,0
6,ApplyRotaryPosEmb_7,N/A,N/A,1788518699022448.875	,3.360,0.110000,0
6,Scatter_14,N/A,N/A,1788518699022452.255	,1.860,0.000000,0
6,Scatter_15,N/A,N/A,1788518699022454.175	,2.220,0.140000,0
6,IncreFlashAttention_7,N/A,N/A,1788518699022457.755	,15.740,1.280000,0
6,MatMul_36,N/A,N/A,1788518699022474.735	,3.300,1.260000,0
6,InplaceAddRmsNorm_14,N/A,N/A,1788518699022478.055	,2.280,0.000000,0
6,MatMul_37,N/A,N/A,1788518699022480.375	,4.180,0.220000,0
6,MatMul_38,N/A,N/A,1788518699022484.595	,3.300,0.000000,0
6,Swish_7Mul_7,N/A,N/A,1788518699022487.915	,3.460,0.200000,0
6,MatMul_39,N/A,N/A,1788518699022491.395	,4.200,0.040000,0
6,InplaceAddRmsNorm_15,N/A,N/A,1788518699022495.655	,2.000,0.050000,0
6,MatMul_40,N/A,N/A,1788518699022497.695	,3.940,0.000000,0
6,SplitV_8,N/A,N/A,1788518699022501.655	,1.080,0.060000,0
6,ApplyRotaryPosEmb_8,N/A,N/A,1788518699022502.755	,3.380,0.000000,0
6,Scatter_16,N/A,N/A,1788518699022506.155	,1.200,0.120000,0
6,Scatter_17,N/A,N/A,1788518699022507.415	,2.380,0.050000,0
6,IncreFlashAttention_8,N/A,N/A,1788518699022511.115	,15.720,1.120000,0
6,MatMul_41,N/A,N/A,1788518699022528.055	,3.320,1.280000,0
6,InplaceAddRmsNorm_16,N/A,N/A,1788518699022531.395	,2.380,0.180000,0
6,MatMul_42,N/A,N/A,1788518699022533.795	,3.660,0.000000,0
6,MatMul_43,N/A,N/A,1788518699022537.475	,3.440,0.090000,0
6,Swish_8Mul_8,N/A,N/A,1788518699022540.955	,3.500,0.060000,0
6,MatMul_44,N/A,N/A,1788518699022544.495	,4.880,0.000000,0
6,InplaceAddRmsNorm_17,N/A,N/A,1788518699022549.435	,1.800,0.120000,0
6,MatMul_45,N/A,N/A,1788518699022551.255	,3.820,0.000000,0
6,SplitV_9,N/A,N/A,1788518699022555.095	,1.060,0.000000,0
6,ApplyRotaryPosEmb_9,N/A,N/A,1788518699022556.195	,3.240,0.190000,0
6,Scatter_18,N/A,N/A,1788518699022559.455	,1.140,0.010000,0
6,Scatter_19,N/A,N/A,1788518699022560.655	,2.260,0.110000,0
6,IncreFlashAttention_9,N/A,N/A,1788518699022565.775	,15.960,2.740000,0
6,MatMul_46,N/A,N/A,1788518699022582.655	,3.920,1.040000,0
6,InplaceAddRmsNorm_18,N/A,N/A,1788518699022586.595	,2.360,0.000000,0
6,MatMul_47,N/A,N/A,1788518699022588.975	,3.660,0.140000,0
6,MatMul_48,N/A,N/A,1788518699022592.655	,3.420,0.090000,0
6,Swish_9Mul_9,N/A,N/A,1788518699022596.095	,3.460,0.000000,0
6,MatMul_49,N/A,N/A,1788518699022599.575	,4.840,0.040000,0
6,InplaceAddRmsNorm_19,N/A,N/A,1788518699022604.475	,1.900,0.160000,0
6,MatMul_50,N/A,N/A,1788518699022606.395	,4.180,0.100000,0
6,SplitV_10,N/A,N/A,1788518699022610.595	,1.100,0.000000,0
6,ApplyRotaryPosEmb_10,N/A,N/A,1788518699022611.715	,3.560,0.150000,0
6,Scatter_20,N/A,N/A,1788518699022615.295	,1.140,0.000000,0
6,Scatter_21,N/A,N/A,1788518699022616.515	,2.240,0.110000,0
6,IncreFlashAttention_10,N/A,N/A,1788518699022621.075	,17.160,2.260000,0
6,MatMul_51,N/A,N/A,1788518699022639.095	,4.220,0.840000,0
6,InplaceAddRmsNorm_20,N/A,N/A,1788518699022643.355	,2.640,0.030000,0
6,MatMul_52,N/A,N/A,1788518699022646.015	,3.640,0.110000,0
6,MatMul_53,N/A,N/A,1788518699022649.675	,3.520,0.110000,0
6,Swish_10Mul_10,N/A,N/A,1788518699022653.215	,3.480,0.000000,0
6,MatMul_54,N/A,N/A,1788518699022656.715	,4.300,0.020000,0
6,InplaceAddRmsNorm_21,N/A,N/A,1788518699022661.075	,1.960,0.000000,0
6,MatMul_55,N/A,N/A,1788518699022663.055	,4.140,0.040000,0
6,SplitV_11,N/A,N/A,1788518699022667.215	,1.120,0.110000,0
6,ApplyRotaryPosEmb_11,N/A,N/A,1788518699022668.375	,5.100,0.130000,0
6,Scatter_22,N/A,N/A,1788518699022673.515	,1.200,0.000000,0
6,Scatter_23,N/A,N/A,1788518699022674.775	,2.440,0.050000,0
6,IncreFlashAttention_11,N/A,N/A,1788518699022678.455	,18.260,1.310000,0
6,MatMul_56,N/A,N/A,1788518699022697.835	,3.380,0.990000,0
6,InplaceAddRmsNorm_22,N/A,N/A,1788518699022701.235	,2.420,0.120000,0
6,MatMul_57,N/A,N/A,1788518699022703.675	,3.580,0.080000,0
6,MatMul_58,N/A,N/A,1788518699022707.295	,4.260,0.000000,0
6,Swish_11Mul_11,N/A,N/A,1788518699022711.575	,3.420,0.000000,0
6,MatMul_59,N/A,N/A,1788518699022715.035	,3.920,0.080000,0
6,InplaceAddRmsNorm_23,N/A,N/A,1788518699022719.035	,1.560,0.080000,0
6,MatMul_60,N/A,N/A,1788518699022720.635	,3.940,0.190000,0
6,SplitV_12,N/A,N/A,1788518699022724.615	,2.220,0.000000,0
6,ApplyRotaryPosEmb_12,N/A,N/A,1788518699022726.855	,3.540,0.030000,0
6,Scatter_24,N/A,N/A,1788518699022730.415	,1.500,0.210000,0
6,Scatter_25,N/A,N/A,1788518699022731.975	,2.500,0.000000,0
6,IncreFlashAttention_12,N/A,N/A,1788518699022735.435	,16.980,1.000000,0
6,MatMul_61,N/A,N/A,1788518699022753.615	,3.500,1.020000,0
6,InplaceAddRmsNorm_24,N/A,N/A,1788518699022757.135	,2.340,0.250000,0
6,MatMul_62,N/A,N/A,1788518699022759.495	,3.680,0.000000,0
6,MatMul_63,N/A,N/A,1788518699022763.195	,4.080,0.070000,0
6,Swish_12Mul_12,N/A,N/A,1788518699022767.295	,4.000,0.000000,0
6,MatMul_64,N/A,N/A,1788518699022771.315	,4.020,0.000000,0
6,InplaceAddRmsNorm_25,N/A,N/A,1788518699022775.395	,1.640,0.230000,0
6,MatMul_65,N/A,N/A,1788518699022777.055	,4.760,0.000000,0
6,SplitV_13,N/A,N/A,1788518699022781.835	,1.380,0.000000,0
6,ApplyRotaryPosEmb_13,N/A,N/A,1788518699022783.255	,2.880,0.120000,0
6,Scatter_26,N/A,N/A,1788518699022786.155	,1.140,0.120000,0
6,Scatter_27,N/A,N/A,1788518699022787.375	,2.300,0.110000,0
6,IncreFlashAttention_13,N/A,N/A,1788518699022791.195	,17.140,1.450000,0
6,MatMul_66,N/A,N/A,1788518699022809.375	,3.760,1.110000,0
6,InplaceAddRmsNorm_26,N/A,N/A,1788518699022813.175	,2.380,0.000000,0
6,MatMul_67,N/A,N/A,1788518699022815.575	,3.660,0.000000,0
6,MatMul_68,N/A,N/A,1788518699022819.255	,3.440,0.090000,0
6,Swish_13Mul_13,N/A,N/A,1788518699022822.715	,3.520,0.060000,0
6,MatMul_69,N/A,N/A,1788518699022826.275	,4.140,0.000000,0
6,InplaceAddRmsNorm_27,N/A,N/A,1788518699022830.495	,2.000,0.110000,0
6,MatMul_70,N/A,N/A,1788518699022832.515	,4.360,0.000000,0
6,SplitV_14,N/A,N/A,1788518699022836.895	,1.120,0.140000,0
6,ApplyRotaryPosEmb_14,N/A,N/A,1788518699022838.035	,2.580,0.000000,0
6,Scatter_28,N/A,N/A,1788518699022840.635	,2.480,0.170000,0
6,Scatter_29,N/A,N/A,1788518699022843.195	,3.980,0.020000,0
6,IncreFlashAttention_14,N/A,N/A,1788518699022848.135	,18.200,1.020000,0
6,MatMul_71,N/A,N/A,1788518699022867.515	,3.760,1.050000,0
6,InplaceAddRmsNorm_28,N/A,N/A,1788518699022871.295	,2.380,0.000000,0
6,MatMul_72,N/A,N/A,1788518699022873.715	,4.300,0.120000,0
6,MatMul_73,N/A,N/A,1788518699022878.035	,3.320,0.000000,0
6,Swish_14Mul_14,N/A,N/A,1788518699022881.375	,3.480,0.180000,0
6,MatMul_74,N/A,N/A,1788518699022884.875	,4.320,0.020000,0
6,InplaceAddRmsNorm_29,N/A,N/A,1788518699022889.255	,1.920,0.000000,0
6,MatMul_75,N/A,N/A,1788518699022891.215	,4.520,0.080000,0
6,SplitV_15,N/A,N/A,1788518699022895.755	,1.080,0.000000,0
6,ApplyRotaryPosEmb_15,N/A,N/A,1788518699022896.875	,2.640,0.170000,0
6,Scatter_30,N/A,N/A,1788518699022899.555	,1.900,0.000000,0
6,Scatter_31,N/A,N/A,1788518699022901.535	,2.420,0.100000,0
6,IncreFlashAttention_15,N/A,N/A,1788518699022905.135	,15.900,1.330000,0
6,MatMul_76,N/A,N/A,1788518699022922.095	,3.320,0.850000,0
6,InplaceAddRmsNorm_30,N/A,N/A,1788518699022925.435	,2.760,0.180000,0
6,MatMul_77,N/A,N/A,1788518699022928.215	,4.160,0.000000,0
6,MatMul_78,N/A,N/A,1788518699022932.395	,3.620,0.090000,0
6,Swish_15Mul_15,N/A,N/A,1788518699022936.035	,3.500,0.000000,0
6,MatMul_79,N/A,N/A,1788518699022939.555	,4.080,0.000000,0
6,InplaceAddRmsNorm_31,N/A,N/A,1788518699022943.695	,1.820,0.170000,0
6,MatMul_80,N/A,N/A,1788518699022945.535	,4.420,0.000000,0
6,SplitV_16,N/A,N/A,1788518699022949.975	,1.120,0.080000,0
6,ApplyRotaryPosEmb_16,N/A,N/A,1788518699022951.135	,3.600,0.130000,0
6,Scatter_32,N/A,N/A,1788518699022954.755	,1.820,0.000000,0
6,Scatter_33,N/A,N/A,1788518699022956.635	,2.320,0.180000,0
6,IncreFlashAttention_16,N/A,N/A,1788518699022961.415	,14.980,2.430000,0
6,MatMul_81,N/A,N/A,1788518699022977.155	,3.380,0.770000,0
6,InplaceAddRmsNorm_32,N/A,N/A,1788518699022980.555	,2.340,0.000000,0
6,MatMul_82,N/A,N/A,1788518699022982.915	,3.700,0.160000,0
6,MatMul_83,N/A,N/A,1788518699022986.635	,3.360,0.050000,0
6,Swish_16Mul_16,N/A,N/A,1788518699022990.015	,3.600,0.000000,0
6,MatMul_84,N/A,N/A,1788518699022993.635	,3.940,0.150000,0
6,InplaceAddRmsNorm_33,N/A,N/A,1788518699022997.635	,1.540,0.060000,0
6,MatMul_85,N/A,N/A,1788518699022999.195	,3.960,0.000000,0
6,SplitV_17,N/A,N/A,1788518699023003.195	,1.120,0.040000,0
6,ApplyRotaryPosEmb_17,N/A,N/A,1788518699023004.335	,2.580,0.000000,0
6,Scatter_34,N/A,N/A,1788518699023006.955	,1.240,0.170000,0
6,Scatter_35,N/A,N/A,1788518699023008.255	,2.340,0.010000,0
6,IncreFlashAttention_17,N/A,N/A,1788518699023011.755	,17.980,1.160000,0
6,MatMul_86,N/A,N/A,1788518699023030.535	,3.600,0.770000,0
6,InplaceAddRmsNorm_34,N/A,N/A,1788518699023034.155	,2.400,0.150000,0
6,MatMul_87,N/A,N/A,1788518699023036.575	,3.720,0.000000,0
6,MatMul_88,N/A,N/A,1788518699023040.315	,3.480,0.030000,0
6,Swish_17Mul_17,N/A,N/A,1788518699023043.835	,3.440,0.020000,0
6,MatMul_89,N/A,N/A,1788518699023047.295	,4.140,0.060000,0
6,InplaceAddRmsNorm_35,N/A,N/A,1788518699023051.455	,3.140,0.110000,0
6,MatMul_90,N/A,N/A,1788518699023054.635	,14.880,0.110000,0
6,GatherV2_2,N/A,N/A,1788518699023069.555	,10.400,0.000000,0
6,Cast_19,N/A,N/A,1788518699023079.975	,8.520,0.100000,0
6,ArgMaxV2,N/A,N/A,1788518699023088.515	,9.900,0.000000,0
6,ArgMaxV2_Output0CastAfter,N/A,N/A,1788518699023098.455	,0.780,0.100000,0
6,GatherV2_3,N/A,N/A,1788518699023099.275	,1.260,0.000000,0
6,Range,N/A,N/A,1788518699023444.775	,8.680,344.240000,0
6,Cast,N/A,N/A,1788518699023453.475	,1.060,0.070000,0
6,GatherV2,N/A,N/A,1788518699023454.575	,2.600,0.000000,0
6,RmsNorm,N/A,N/A,1788518699023457.235	,8.920,0.150000,0
6,MatMul,N/A,N/A,1788518699023466.175	,10.740,0.080000,0
6,SplitV,N/A,N/A,1788518699023476.955	,1.520,0.010000,0
6,Add,N/A,N/A,1788518699023478.495	,2.360,0.000000,0
6,GatherV2_1,N/A,N/A,1788518699023480.875	,2.780,0.140000,0
6,Scatter_1,N/A,N/A,1788518699023483.675	,3.440,0.000000,0
6,Greater,N/A,N/A,1788518699023487.195	,9.180,0.060000,0
6,Unpack,N/A,N/A,1788518699023496.395	,0.820,0.070000,0
6,ApplyRotaryPosEmb,N/A,N/A,1788518699023497.255	,4.020,0.000000,0
6,Scatter,N/A,N/A,1788518699023501.295	,2.900,0.000000,0
6,IncreFlashAttention,N/A,N/A,1788518699023505.635	,22.020,1.600000,0
6,MatMul_1,N/A,N/A,1788518699023528.695	,7.320,0.980000,0
6,InplaceAddRmsNorm,N/A,N/A,1788518699023536.055	,3.000,0.000000,0
6,MatMul_2,N/A,N/A,1788518699023539.075	,8.020,0.000000,0
6,MatMul_3,N/A,N/A,1788518699023547.115	,6.460,0.000000,0
6,SwishMul,N/A,N/A,1788518699023553.595	,5.380,0.040000,0
6,MatMul_4,N/A,N/A,1788518699023558.995	,9.740,0.120000,0
6,InplaceAddRmsNorm_1,N/A,N/A,1788518699023568.795	,2.700,0.010000,0
6,MatMul_5,N/A,N/A,1788518699023571.515	,4.360,0.050000,0
6,SplitV_1,N/A,N/A,1788518699023575.915	,1.080,0.140000,0
6,ApplyRotaryPosEmb_1,N/A,N/A,1788518699023577.035	,2.480,0.000000,0
6,Scatter_2,N/A,N/A,1788518699023579.535	,1.200,0.020000,0
6,Scatter_3,N/A,N/A,1788518699023580.795	,1.820,0.050000,0
6,IncreFlashAttention_1,N/A,N/A,1788518699023584.055	,19.940,1.430000,0
6,MatMul_6,N/A,N/A,1788518699023604.675	,3.120,0.810000,0
6,InplaceAddRmsNorm_2,N/A,N/A,1788518699023607.815	,2.660,0.000000,0
6,MatMul_7,N/A,N/A,1788518699023610.495	,3.840,0.090000,0
6,MatMul_8,N/A,N/A,1788518699023614.355	,3.380,0.000000,0
6,Swish_1Mul_1,N/A,N/A,1788518699023617.775	,3.720,0.120000,0
6,MatMul_9,N/A,N/A,1788518699023621.515	,4.940,0.030000,0
6,InplaceAddRmsNorm_3,N/A,N/A,1788518699023626.515	,1.960,0.060000,0
6,MatMul_10,N/A,N/A,1788518699023628.495	,4.660,0.040000,0
6,SplitV_2,N/A,N/A,1788518699023633.175	,1.140,0.090000,0
6,ApplyRotaryPosEmb_2,N/A,N/A,1788518699023634.335	,4.800,0.000000,0
6,Scatter_4,N/A,N/A,1788518699023639.155	,1.500,0.200000,0
6,Scatter_5,N/A,N/A,1788518699023640.715	,2.780,0.000000,0
6,IncreFlashAttention_2,N/A,N/A,1788518699023644.655	,14.880,1.220000,0
6,MatMul_11,N/A,N/A,1788518699023660.395	,4.120,0.870000,0
6,InplaceAddRmsNorm_4,N/A,N/A,1788518699023664.535	,2.180,0.000000,0
6,MatMul_12,N/A,N/A,1788518699023666.735	,3.900,0.070000,0
6,MatMul_13,N/A,N/A,1788518699023670.655	,3.260,0.100000,0
6,Swish_2Mul_2,N/A,N/A,1788518699023673.935	,3.600,0.000000,0
6,MatMul_14,N/A,N/A,1788518699023677.555	,4.480,0.000000,0
6,InplaceAddRmsNorm_5,N/A,N/A,1788518699023682.095	,1.880,0.020000,0
6,MatMul_15,N/A,N/A,1788518699023684.015	,4.460,0.120000,0
6,SplitV_3,N/A,N/A,1788518699023688.495	,1.080,0.040000,0
6,ApplyRotaryPosEmb_3,N/A,N/A,1788518699023689.595	,4.060,0.000000,0
6,Scatter_6,N/A,N/A,1788518699023693.675	,1.120,0.190000,0
6,Scatter_7,N/A,N/A,1788518699023694.855	,1.240,0.000000,0
6,IncreFlashAttention_3,N/A,N/A,1788518699023698.795	,16.620,2.760000,0
6,MatMul_16,N/A,N/A,1788518699023716.175	,3.480,0.880000,0
6,InplaceAddRmsNorm_6,N/A,N/A,1788518699023719.675	,2.300,0.020000,0
6,MatMul_17,N/A,N/A,1788518699023722.015	,4.080,0.000000,0
6,MatMul_18,N/A,N/A,1788518699023726.115	,4.020,0.000000,0
6,Swish_3Mul_3,N/A,N/A,1788518699023730.155	,3.060,0.230000,0
6,MatMul_19,N/A,N/A,1788518699023733.235	,4.120,0.000000,0
6,InplaceAddRmsNorm_7,N/A,N/A,1788518699023737.415	,1.560,0.130000,0
6,MatMul_20,N/A,N/A,1788518699023739.015	,4.800,0.000000,0
6,SplitV_4,N/A,N/A,1788518699023743.835	,1.140,0.000000,0
6,ApplyRotaryPosEmb_4,N/A,N/A,1788518699023744.995	,3.140,0.110000,0
6,Scatter_8,N/A,N/A,1788518699023748.155	,1.780,0.110000,0
6,Scatter_9,N/A,N/A,1788518699023750.015	,2.280,0.000000,0
6,IncreFlashAttention_4,N/A,N/A,1788518699023753.775	,19.920,1.470000,0
6,MatMul_21,N/A,N/A,1788518699023774.435	,3.220,0.830000,0
6,InplaceAddRmsNorm_8,N/A,N/A,1788518699023777.675	,2.320,0.030000,0
6,MatMul_22,N/A,N/A,1788518699023780.015	,3.700,0.000000,0
6,MatMul_23,N/A,N/A,1788518699023783.755	,4.160,0.050000,0
6,Swish_4Mul_4,N/A,N/A,1788518699023787.935	,3.500,0.090000,0
6,MatMul_24,N/A,N/A,1788518699023791.455	,3.860,0.000000,0
6,InplaceAddRmsNorm_9,N/A,N/A,1788518699023795.375	,1.740,0.140000,0
6,MatMul_25,N/A,N/A,1788518699023797.135	,4.460,0.010000,0
6,SplitV_5,N/A,N/A,1788518699023801.635	,1.100,0.040000,0
6,ApplyRotaryPosEmb_5,N/A,N/A,1788518699023802.755	,5.160,0.000000,0
6,Scatter_10,N/A,N/A,1788518699023807.935	,1.520,0.090000,0
6,Scatter_11,N/A,N/A,1788518699023809.535	,2.260,0.000000,0
6,IncreFlashAttention_5,N/A,N/A,1788518699023813.155	,16.500,1.490000,0
6,MatMul_26,N/A,N/A,1788518699023830.715	,3.240,1.000000,0
6,InplaceAddRmsNorm_10,N/A,N/A,1788518699023833.975	,2.580,0.010000,0
6,MatMul_27,N/A,N/A,1788518699023836.575	,3.520,0.000000,0
6,MatMul_28,N/A,N/A,1788518699023840.135	,3.300,0.230000,0
6,Swish_5Mul_5,N/A,N/A,1788518699023843.455	,3.540,0.000000,0
6,MatMul_29,N/A,N/A,1788518699023847.015	,3.880,0.000000,0
6,InplaceAddRmsNorm_11,N/A,N/A,1788518699023850.955	,1.960,0.120000,0
6,MatMul_30,N/A,N/A,1788518699023852.935	,5.400,0.040000,0
6,SplitV_6,N/A,N/A,1788518699023858.355	,1.160,0.000000,0
6,ApplyRotaryPosEmb_6,N/A,N/A,1788518699023859.535	,3.460,0.090000,0
6,Scatter_12,N/A,N/A,1788518699023863.015	,3.900,0.040000,0
6,Scatter_13,N/A,N/A,1788518699023866.995	,2.100,0.100000,0
6,IncreFlashAttention_6,N/A,N/A,1788518699023871.515	,14.360,2.400000,0
6,MatMul_31,N/A,N/A,1788518699023887.075	,3.220,1.140000,0
6,InplaceAddRmsNorm_12,N/A,N/A,1788518699023890.315	,2.420,0.030000,0
6,MatMul_32,N/A,N/A,1788518699023892.755	,3.900,0.080000,0
6,MatMul_33,N/A,N/A,1788518699023896.695	,3.260,0.100000,0
6,Swish_6Mul_6,N/A,N/A,1788518699023899.975	,4.080,0.000000,0
6,MatMul_34,N/A,N/A,1788518699023904.075	,3.900,0.000000,0
6,InplaceAddRmsNorm_13,N/A,N/A,1788518699023908.055	,1.900,0.100000,0
6,MatMul_35,N/A,N/A,1788518699023909.975	,3.980,0.100000,0
6,SplitV_7,N/A,N/A,1788518699023913.975	,1.140,0.020000,0
6,ApplyRotaryPosEmb_7,N/A,N/A,1788518699023915.135	,3.540,0.110000,0
6,Scatter_14,N/A,N/A,1788518699023918.695	,1.820,0.000000,0
6,Scatter_15,N/A,N/A,1788518699023920.575	,2.260,0.000000,0
6,IncreFlashAttention_7,N/A,N/A,1788518699023924.055	,15.840,1.240000,0
6,MatMul_36,N/A,N/A,1788518699023941.035	,3.280,1.160000,0
6,InplaceAddRmsNorm_14,N/A,N/A,1788518699023944.335	,2.300,0.000000,0
6,MatMul_37,N/A,N/A,1788518699023946.655	,4.120,0.200000,0
6,MatMul_38,N/A,N/A,1788518699023950.795	,3.240,0.000000,0
6,Swish_7Mul_7,N/A,N/A,1788518699023954.055	,3.580,0.010000,0
6,MatMul_39,N/A,N/A,1788518699023957.675	,4.040,0.170000,0
6,InplaceAddRmsNorm_15,N/A,N/A,1788518699023961.775	,2.120,0.000000,0
6,MatMul_40,N/A,N/A,1788518699023963.915	,3.800,0.130000,0
6,SplitV_8,N/A,N/A,1788518699023967.755	,1.100,0.000000,0
6,ApplyRotaryPosEmb_8,N/A,N/A,1788518699023968.875	,3.300,0.150000,0
6,Scatter_16,N/A,N/A,1788518699023972.215	,1.180,0.000000,0
6,Scatter_17,N/A,N/A,1788518699023973.475	,2.260,0.070000,0
6,IncreFlashAttention_8,N/A,N/A,1788518699023976.815	,16.360,0.990000,0
6,MatMul_41,N/A,N/A,1788518699023994.395	,3.640,1.390000,0
6,InplaceAddRmsNorm_16,N/A,N/A,1788518699023998.055	,2.800,0.000000,0
6,MatMul_42,N/A,N/A,1788518699024000.895	,3.720,0.200000,0
6,MatMul_43,N/A,N/A,1788518699024004.635	,3.440,0.030000,0
6,Swish_8Mul_8,N/A,N/A,1788518699024008.115	,3.460,0.000000,0
6,MatMul_44,N/A,N/A,1788518699024011.595	,4.820,0.040000,0
6,InplaceAddRmsNorm_17,N/A,N/A,1788518699024016.495	,1.880,0.180000,0
6,MatMul_45,N/A,N/A,1788518699024018.395	,3.980,0.120000,0
6,SplitV_9,N/A,N/A,1788518699024022.395	,1.060,0.020000,0
6,ApplyRotaryPosEmb_9,N/A,N/A,1788518699024023.495	,3.700,0.000000,0
6,Scatter_18,N/A,N/A,1788518699024027.215	,1.140,0.050000,0
6,Scatter_19,N/A,N/A,1788518699024028.415	,2.300,0.110000,0
6,IncreFlashAttention_9,N/A,N/A,1788518699024032.495	,15.900,1.700000,0
6,MatMul_46,N/A,N/A,1788518699024049.555	,3.900,1.100000,0
6,InplaceAddRmsNorm_18,N/A,N/A,1788518699024053.475	,2.400,0.100000,0
6,MatMul_47,N/A,N/A,1788518699024055.895	,3.740,0.100000,0
6,MatMul_48,N/A,N/A,1788518699024059.655	,3.220,0.010000,0
6,Swish_9Mul_9,N/A,N/A,1788518699024062.915	,3.580,0.030000,0
6,MatMul_49,N/A,N/A,1788518699024066.515	,4.940,0.000000,0
6,InplaceAddRmsNorm_19,N/A,N/A,1788518699024071.515	,1.880,0.060000,0
6,MatMul_50,N/A,N/A,1788518699024073.435	,3.960,0.120000,0
6,SplitV_10,N/A,N/A,1788518699024077.415	,1.140,0.040000,0
6,ApplyRotaryPosEmb_10,N/A,N/A,1788518699024078.575	,3.460,0.000000,0
6,Scatter_20,N/A,N/A,1788518699024082.055	,1.680,0.040000,0
6,Scatter_21,N/A,N/A,1788518699024083.815	,2.300,0.070000,0
6,IncreFlashAttention_10,N/A,N/A,1788518699024088.415	,17.360,2.450000,0
6,MatMul_51,N/A,N/A,1788518699024106.535	,4.220,0.640000,0
6,InplaceAddRmsNorm_20,N/A,N/A,1788518699024110.775	,2.300,0.030000,0
6,MatMul_52,N/A,N/A,1788518699024113.095	,3.680,0.000000,0
6,MatMul_53,N/A,N/A,1788518699024116.795	,3.500,0.070000,0
6,Swish_10Mul_10,N/A,N/A,1788518699024120.335	,3.500,0.000000,0
6,MatMul_54,N/A,N/A,1788518699024123.855	,3.980,0.000000,0
6,InplaceAddRmsNorm_21,N/A,N/A,1788518699024127.895	,2.080,0.270000,0
6,MatMul_55,N/A,N/A,1788518699024129.995	,4.180,0.000000,0
6,SplitV_11,N/A,N/A,1788518699024134.195	,1.120,0.070000,0
6,ApplyRotaryPosEmb_11,N/A,N/A,1788518699024135.335	,4.540,0.000000,0
6,Scatter_22,N/A,N/A,1788518699024139.915	,1.220,0.210000,0
6,Scatter_23,N/A,N/A,1788518699024141.195	,2.460,0.030000,0
6,IncreFlashAttention_11,N/A,N/A,1788518699024144.695	,17.460,1.040000,0
6,MatMul_56,N/A,N/A,1788518699024162.895	,3.360,0.790000,0
6,InplaceAddRmsNorm_22,N/A,N/A,1788518699024166.275	,2.380,0.000000,0
6,MatMul_57,N/A,N/A,1788518699024168.675	,3.620,0.120000,0
6,MatMul_58,N/A,N/A,1788518699024172.315	,4.240,0.000000,0
6,Swish_11Mul_11,N/A,N/A,1788518699024176.575	,3.620,0.010000,0
6,MatMul_59,N/A,N/A,1788518699024180.215	,4.020,0.130000,0
6,InplaceAddRmsNorm_23,N/A,N/A,1788518699024184.295	,1.520,0.000000,0
6,MatMul_60,N/A,N/A,1788518699024185.835	,3.960,0.000000,0
6,SplitV_12,N/A,N/A,1788518699024189.815	,2.040,0.040000,0
6,ApplyRotaryPosEmb_12,N/A,N/A,1788518699024191.875	,3.820,0.210000,0
6,Scatter_24,N/A,N/A,1788518699024195.715	,1.200,0.000000,0
6,Scatter_25,N/A,N/A,1788518699024196.975	,2.580,0.050000,0
6,IncreFlashAttention_12,N/A,N/A,1788518699024201.055	,17.000,1.420000,0
6,MatMul_61,N/A,N/A,1788518699024219.235	,3.180,1.250000,0
6,InplaceAddRmsNorm_24,N/A,N/A,1788518699024222.455	,2.320,0.070000,0
6,MatMul_62,N/A,N/A,1788518699024224.795	,3.860,0.000000,0
6,MatMul_63,N/A,N/A,1788518699024228.675	,4.120,0.140000,0
6,Swish_12Mul_12,N/A,N/A,1788518699024232.815	,3.980,0.000000,0
6,MatMul_64,N/A,N/A,1788518699024236.815	,4.800,0.020000,0
6,InplaceAddRmsNorm_25,N/A,N/A,1788518699024241.675	,1.680,0.200000,0
6,MatMul_65,N/A,N/A,1788518699024243.375	,4.720,0.070000,0
6,SplitV_13,N/A,N/A,1788518699024248.115	,1.360,0.000000,0
6,ApplyRotaryPosEmb_13,N/A,N/A,1788518699024249.495	,3.600,0.140000,0
6,Scatter_26,N/A,N/A,1788518699024253.115	,1.140,0.000000,0
6,Scatter_27,N/A,N/A,1788518699024254.335	,2.280,0.110000,0
6,IncreFlashAttention_13,N/A,N/A,1788518699024258.035	,16.740,1.470000,0
6,MatMul_66,N/A,N/A,1788518699024275.595	,4.180,0.760000,0
6,InplaceAddRmsNorm_26,N/A,N/A,1788518699024279.795	,2.260,0.070000,0
6,MatMul_67,N/A,N/A,1788518699024282.095	,3.580,0.000000,0
6,MatMul_68,N/A,N/A,1788518699024285.695	,5.100,0.170000,0
6,Swish_13Mul_13,N/A,N/A,1788518699024290.815	,3.620,0.000000,0
6,MatMul_69,N/A,N/A,1788518699024294.455	,4.080,0.130000,0
6,InplaceAddRmsNorm_27,N/A,N/A,1788518699024298.615	,2.000,0.000000,0
6,MatMul_70,N/A,N/A,1788518699024300.655	,4.060,0.250000,0
6,SplitV_14,N/A,N/A,1788518699024304.735	,1.100,0.000000,0
6,ApplyRotaryPosEmb_14,N/A,N/A,1788518699024305.855	,3.820,0.000000,0
6,Scatter_28,N/A,N/A,1788518699024309.695	,2.200,0.180000,0
6,Scatter_29,N/A,N/A,1788518699024311.955	,2.380,0.050000,0
6,IncreFlashAttention_14,N/A,N/A,1788518699024315.575	,16.720,1.120000,0
6,MatMul_71,N/A,N/A,1788518699024333.155	,3.360,1.030000,0
6,InplaceAddRmsNorm_28,N/A,N/A,1788518699024336.555	,2.840,0.000000,0
6,MatMul_72,N/A,N/A,1788518699024339.415	,4.240,0.160000,0
6,MatMul_73,N/A,N/A,1788518699024343.675	,3.560,0.010000,0
6,Swish_14Mul_14,N/A,N/A,1788518699024347.275	,3.440,0.000000,0
6,MatMul_74,N/A,N/A,1788518699024350.735	,4.180,0.060000,0
6,InplaceAddRmsNorm_29,N/A,N/A,1788518699024354.975	,1.840,0.070000,0
6,MatMul_75,N/A,N/A,1788518699024356.835	,4.040,0.000000,0
6,SplitV_15,N/A,N/A,1788518699024360.895	,1.080,0.210000,0
6,ApplyRotaryPosEmb_15,N/A,N/A,1788518699024361.995	,2.620,0.000000,0
6,Scatter_30,N/A,N/A,1788518699024364.635	,1.800,0.130000,0
6,Scatter_31,N/A,N/A,1788518699024366.495	,2.320,0.000000,0
6,IncreFlashAttention_15,N/A,N/A,1788518699024370.175	,15.760,1.430000,0
6,MatMul_76,N/A,N/A,1788518699024387.135	,3.700,1.240000,0
6,InplaceAddRmsNorm_30,N/A,N/A,1788518699024390.875	,2.640,0.050000,0
6,MatMul_77,N/A,N/A,1788518699024393.535	,4.300,0.000000,0
6,MatMul_78,N/A,N/A,1788518699024397.855	,3.400,0.000000,0
6,Swish_15Mul_15,N/A,N/A,1788518699024401.275	,3.540,0.100000,0
6,MatMul_79,N/A,N/A,1788518699024404.835	,3.880,0.000000,0
6,InplaceAddRmsNorm_31,N/A,N/A,1788518699024408.775	,1.920,0.120000,0
6,MatMul_80,N/A,N/A,1788518699024410.735	,4.020,0.080000,0
6,SplitV_16,N/A,N/A,1788518699024414.795	,1.100,0.000000,0
6,ApplyRotaryPosEmb_16,N/A,N/A,1788518699024415.915	,2.840,0.150000,0
6,Scatter_32,N/A,N/A,1788518699024418.775	,1.940,0.000000,0
6,Scatter_33,N/A,N/A,1788518699024420.775	,2.340,0.060000,0
6,IncreFlashAttention_16,N/A,N/A,1788518699024424.075	,16.080,0.910000,0
6,MatMul_81,N/A,N/A,1788518699024441.035	,3.100,0.920000,0
6,InplaceAddRmsNorm_32,N/A,N/A,1788518699024444.175	,2.320,0.150000,0
6,MatMul_82,N/A,N/A,1788518699024446.515	,3.640,0.000000,0
6,MatMul_83,N/A,N/A,1788518699024450.175	,3.340,0.110000,0
6,Swish_16Mul_16,N/A,N/A,1788518699024453.535	,3.480,0.000000,0
6,MatMul_84,N/A,N/A,1788518699024457.035	,4.580,0.020000,0
6,InplaceAddRmsNorm_33,N/A,N/A,1788518699024461.675	,1.480,0.170000,0
6,MatMul_85,N/A,N/A,1788518699024463.175	,4.640,0.020000,0
6,SplitV_17,N/A,N/A,1788518699024467.835	,1.120,0.000000,0
6,ApplyRotaryPosEmb_17,N/A,N/A,1788518699024468.995	,2.600,0.130000,0
6,Scatter_34,N/A,N/A,1788518699024471.615	,1.260,0.000000,0
6,Scatter_35,N/A,N/A,1788518699024472.955	,2.260,0.240000,0
6,IncreFlashAttention_17,N/A,N/A,1788518699024476.235	,17.800,0.990000,0
6,MatMul_86,N/A,N/A,1788518699024494.995	,3.380,0.950000,0
6,InplaceAddRmsNorm_34,N/A,N/A,1788518699024498.415	,2.280,0.120000,0
6,MatMul_87,N/A,N/A,1788518699024500.715	,3.800,0.000000,0
6,MatMul_88,N/A,N/A,1788518699024504.555	,3.720,0.000000,0
6,Swish_17Mul_17,N/A,N/A,1788518699024508.295	,3.560,0.030000,0
6,MatMul_89,N/A,N/A,1788518699024511.895	,4.320,0.190000,0
6,InplaceAddRmsNorm_35,N/A,N/A,1788518699024516.235	,2.820,0.000000,0
6,MatMul_90,N/A,N/A,1788518699024519.095	,15.380,0.000000,0
6,GatherV2_2,N/A,N/A,1788518699024534.495	,10.460,0.120000,0
6,Cast_19,N/A,N/A,1788518699024544.975	,8.440,0.040000,0
6,ArgMaxV2,N/A,N/A,1788518699024553.435	,9.960,0.060000,0
6,ArgMaxV2_Output0CastAfter,N/A,N/A,1788518699024563.435	,0.800,0.040000,0
6,GatherV2_3,N/A,N/A,1788518699024564.255	,1.520,0.000000,0
6,Range,N/A,N/A,1788518699024859.375	,8.700,293.730000,0
6,Cast,N/A,N/A,1788518699024868.115	,1.040,0.000000,0
6,GatherV2,N/A,N/A,1788518699024869.175	,2.780,0.210000,0
6,RmsNorm,N/A,N/A,1788518699024872.015	,9.080,0.000000,0
6,MatMul,N/A,N/A,1788518699024881.135	,10.800,0.170000,0
6,SplitV,N/A,N/A,1788518699024891.975	,1.480,0.000000,0
6,Add,N/A,N/A,1788518699024893.475	,2.300,0.020000,0
6,GatherV2_1,N/A,N/A,1788518699024895.795	,2.620,0.000000,0
6,Scatter_1,N/A,N/A,1788518699024898.435	,3.580,0.130000,0
6,Greater,N/A,N/A,1788518699024902.075	,9.520,0.000000,0
6,Unpack,N/A,N/A,1788518699024911.615	,0.820,0.000000,0
6,ApplyRotaryPosEmb,N/A,N/A,1788518699024912.455	,4.180,0.180000,0
6,Scatter,N/A,N/A,1788518699024916.655	,2.900,0.070000,0
6,IncreFlashAttention,N/A,N/A,1788518699024920.575	,21.740,0.850000,0
6,MatMul_1,N/A,N/A,1788518699024942.995	,7.340,0.760000,0
6,InplaceAddRmsNorm,N/A,N/A,1788518699024950.355	,2.660,0.000000,0
6,MatMul_2,N/A,N/A,1788518699024953.035	,8.100,0.090000,0
6,MatMul_3,N/A,N/A,1788518699024961.155	,6.460,0.150000,0
6,SwishMul,N/A,N/A,1788518699024967.655	,5.380,0.040000,0
6,MatMul_4,N/A,N/A,1788518699024973.075	,9.960,0.000000,0
6,InplaceAddRmsNorm_1,N/A,N/A,1788518699024983.095	,2.700,0.040000,0
6,MatMul_5,N/A,N/A,1788518699024985.815	,4.480,0.050000,0
6,SplitV_1,N/A,N/A,1788518699024990.315	,1.100,0.020000,0
6,ApplyRotaryPosEmb_1,N/A,N/A,1788518699024991.435	,4.040,0.150000,0
6,Scatter_2,N/A,N/A,1788518699024995.495	,1.720,0.000000,0
6,Scatter_3,N/A,N/A,1788518699024997.275	,1.820,0.030000,0
6,IncreFlashAttention_1,N/A,N/A,1788518699025000.255	,19.540,1.180000,0
6,MatMul_6,N/A,N/A,1788518699025020.895	,3.320,1.210000,0
6,InplaceAddRmsNorm_2,N/A,N/A,1788518699025024.235	,2.960,0.000000,0
6,MatMul_7,N/A,N/A,1788518699025027.215	,3.900,0.040000,0
6,MatMul_8,N/A,N/A,1788518699025031.135	,3.440,0.100000,0
6,Swish_1Mul_1,N/A,N/A,1788518699025034.595	,3.720,0.000000,0
6,MatMul_9,N/A,N/A,1788518699025038.355	,5.000,0.030000,0
6,InplaceAddRmsNorm_3,N/A,N/A,1788518699025043.435	,1.940,0.250000,0
6,MatMul_10,N/A,N/A,1788518699025045.395	,4.400,0.060000,0
6,SplitV_2,N/A,N/A,1788518699025049.815	,1.140,0.000000,0
6,ApplyRotaryPosEmb_2,N/A,N/A,1788518699025050.975	,3.900,0.110000,0
6,Scatter_4,N/A,N/A,1788518699025054.895	,1.180,0.100000,0
6,Scatter_5,N/A,N/A,1788518699025056.135	,2.680,0.070000,0
6,IncreFlashAttention_2,N/A,N/A,1788518699025060.275	,14.860,1.320000,0
6,MatMul_11,N/A,N/A,1788518699025076.015	,3.880,0.890000,0
6,InplaceAddRmsNorm_4,N/A,N/A,1788518699025079.915	,1.980,0.120000,0
6,MatMul_12,N/A,N/A,1788518699025081.915	,4.040,0.020000,0
6,MatMul_13,N/A,N/A,1788518699025085.975	,3.280,0.000000,0
6,Swish_2Mul_2,N/A,N/A,1788518699025089.275	,3.700,0.000000,0
6,MatMul_14,N/A,N/A,1788518699025093.015	,4.400,0.050000,0
6,InplaceAddRmsNorm_5,N/A,N/A,1788518699025097.475	,1.840,0.100000,0
6,MatMul_15,N/A,N/A,1788518699025099.335	,4.400,0.000000,0
6,SplitV_3,N/A,N/A,1788518699025103.755	,1.160,0.100000,0
6,ApplyRotaryPosEmb_3,N/A,N/A,1788518699025104.935	,3.760,0.090000,0
6,Scatter_6,N/A,N/A,1788518699025108.715	,1.300,0.000000,0
6,Scatter_7,N/A,N/A,1788518699025110.075	,1.500,0.000000,0
6,IncreFlashAttention_3,N/A,N/A,1788518699025113.815	,16.080,2.250000,0
6,MatMul_16,N/A,N/A,1788518699025130.575	,3.260,0.670000,0
6,InplaceAddRmsNorm_6,N/A,N/A,1788518699025133.855	,2.360,0.000000,0
6,MatMul_17,N/A,N/A,1788518699025136.235	,3.780,0.140000,0
6,MatMul_18,N/A,N/A,1788518699025140.035	,4.060,0.000000,0
6,Swish_3Mul_3,N/A,N/A,1788518699025144.115	,3.060,0.000000,0
6,MatMul_19,N/A,N/A,1788518699025147.195	,3.840,0.190000,0
6,InplaceAddRmsNorm_7,N/A,N/A,1788518699025151.095	,1.560,0.000000,0
6,MatMul_20,N/A,N/A,1788518699025152.675	,4.500,0.190000,0
6,SplitV_4,N/A,N/A,1788518699025157.195	,1.140,0.000000,0
6,ApplyRotaryPosEmb_4,N/A,N/A,1788518699025158.355	,2.960,0.000000,0
6,Scatter_8,N/A,N/A,1788518699025161.355	,1.200,0.040000,0
6,Scatter_9,N/A,N/A,1788518699025162.615	,2.100,0.050000,0
6,IncreFlashAttention_4,N/A,N/A,1788518699025165.755	,18.040,1.150000,0
6,MatMul_21,N/A,N/A,1788518699025184.555	,3.120,0.710000,0
6,InplaceAddRmsNorm_8,N/A,N/A,1788518699025187.695	,2.340,0.130000,0
6,MatMul_22,N/A,N/A,1788518699025190.055	,3.660,0.000000,0
6,MatMul_23,N/A,N/A,1788518699025193.735	,4.200,0.090000,0
6,Swish_4Mul_4,N/A,N/A,1788518699025197.955	,3.620,0.050000,0
6,MatMul_24,N/A,N/A,1788518699025201.595	,3.900,0.000000,0
6,InplaceAddRmsNorm_9,N/A,N/A,1788518699025205.555	,1.640,0.100000,0
6,MatMul_25,N/A,N/A,1788518699025207.215	,4.360,0.110000,0
6,SplitV_5,N/A,N/A,1788518699025211.595	,1.160,0.000000,0
6,ApplyRotaryPosEmb_5,N/A,N/A,1788518699025212.775	,5.300,0.090000,0
6,Scatter_10,N/A,N/A,1788518699025218.095	,1.280,0.000000,0
6,Scatter_11,N/A,N/A,1788518699025219.435	,2.580,0.220000,0
6,IncreFlashAttention_5,N/A,N/A,1788518699025223.355	,17.140,1.170000,0
6,MatMul_26,N/A,N/A,1788518699025241.535	,3.600,1.110000,0
6,InplaceAddRmsNorm_10,N/A,N/A,1788518699025245.155	,2.340,0.150000,0
6,MatMul_27,N/A,N/A,1788518699025247.515	,3.740,0.000000,0
6,MatMul_28,N/A,N/A,1788518699025251.275	,3.280,0.010000,0
6,Swish_5Mul_5,N/A,N/A,1788518699025254.595	,3.360,0.000000,0
6,MatMul_29,N/A,N/A,1788518699025257.995	,3.960,0.140000,0
6,InplaceAddRmsNorm_11,N/A,N/A,1788518699025262.015	,1.960,0.040000,0
6,MatMul_30,N/A,N/A,1788518699025263.995	,4.920,0.040000,0
6,SplitV_6,N/A,N/A,1788518699025268.935	,1.180,0.080000,0
6,ApplyRotaryPosEmb_6,N/A,N/A,1788518699025270.135	,3.440,0.070000,0
6,Scatter_12,N/A,N/A,1788518699025273.595	,1.520,0.000000,0
6,Scatter_13,N/A,N/A,1788518699025275.195	,2.080,0.230000,0
6,IncreFlashAttention_6,N/A,N/A,1788518699025279.035	,15.560,1.670000,0
6,MatMul_31,N/A,N/A,1788518699025295.515	,3.480,0.940000,0
6,InplaceAddRmsNorm_12,N/A,N/A,1788518699025299.035	,2.380,0.020000,0
6,MatMul_32,N/A,N/A,1788518699025301.435	,3.940,0.120000,0
6,MatMul_33,N/A,N/A,1788518699025305.415	,3.320,0.060000,0
6,Swish_6Mul_6,N/A,N/A,1788518699025308.755	,3.980,0.000000,0
6,MatMul_34,N/A,N/A,1788518699025312.775	,3.880,0.020000,0
6,InplaceAddRmsNorm_13,N/A,N/A,1788518699025316.715	,1.920,0.120000,0
6,MatMul_35,N/A,N/A,1788518699025318.655	,3.900,0.080000,0
6,SplitV_7,N/A,N/A,1788518699025322.575	,1.120,0.000000,0
6,ApplyRotaryPosEmb_7,N/A,N/A,1788518699025323.715	,5.120,0.130000,0
6,Scatter_14,N/A,N/A,1788518699025328.855	,1.820,0.000000,0
6,Scatter_15,N/A,N/A,1788518699025330.755	,2.300,0.180000,0
6,IncreFlashAttention_7,N/A,N/A,1788518699025334.275	,14.520,1.200000,0
6,MatMul_36,N/A,N/A,1788518699025350.015	,3.380,1.230000,0
6,InplaceAddRmsNorm_14,N/A,N/A,1788518699025353.415	,2.740,0.120000,0
6,MatMul_37,N/A,N/A,1788518699025356.175	,4.160,0.010000,0
6,MatMul_38,N/A,N/A,1788518699025360.355	,3.280,0.000000,0
6,Swish_7Mul_7,N/A,N/A,1788518699025363.655	,3.520,0.220000,0
6,MatMul_39,N/A,N/A,1788518699025367.195	,3.920,0.000000,0
6,InplaceAddRmsNorm_15,N/A,N/A,1788518699025371.195	,2.020,0.080000,0
6,MatMul_40,N/A,N/A,1788518699025373.235	,3.680,0.000000,0
6,SplitV_8,N/A,N/A,1788518699025376.935	,1.100,0.070000,0
6,ApplyRotaryPosEmb_8,N/A,N/A,1788518699025378.055	,3.540,0.000000,0
6,Scatter_16,N/A,N/A,1788518699025381.615	,2.500,0.000000,0
6,Scatter_17,N/A,N/A,1788518699025384.175	,2.280,0.250000,0
6,IncreFlashAttention_8,N/A,N/A,1788518699025387.615	,15.680,0.970000,0
6,MatMul_41,N/A,N/A,1788518699025403.935	,3.180,0.820000,0
6,InplaceAddRmsNorm_16,N/A,N/A,1788518699025407.135	,2.340,0.070000,0
6,MatMul_42,N/A,N/A,1788518699025409.515	,3.720,0.000000,0
6,MatMul_43,N/A,N/A,1788518699025413.275	,3.360,0.030000,0
6,Swish_8Mul_8,N/A,N/A,1788518699025416.655	,3.540,0.140000,0
6,MatMul_44,N/A,N/A,1788518699025420.235	,4.700,0.000000,0
6,InplaceAddRmsNorm_17,N/A,N/A,1788518699025424.995	,1.920,0.050000,0
6,MatMul_45,N/A,N/A,1788518699025426.935	,3.760,0.080000,0
6,SplitV_9,N/A,N/A,1788518699025430.715	,1.080,0.000000,0
6,ApplyRotaryPosEmb_9,N/A,N/A,1788518699025431.815	,3.120,0.000000,0
6,Scatter_18,N/A,N/A,1788518699025434.975	,1.120,0.130000,0
6,Scatter_19,N/A,N/A,1788518699025436.155	,2.380,0.130000,0
6,IncreFlashAttention_9,N/A,N/A,1788518699025441.435	,15.520,2.870000,0
6,MatMul_46,N/A,N/A,1788518699025457.915	,4.000,0.980000,0
6,InplaceAddRmsNorm_18,N/A,N/A,1788518699025461.935	,2.400,0.000000,0
6,MatMul_47,N/A,N/A,1788518699025464.355	,3.600,0.000000,0
6,MatMul_48,N/A,N/A,1788518699025467.975	,3.240,0.150000,0
6,Swish_9Mul_9,N/A,N/A,1788518699025471.235	,3.480,0.010000,0
6,MatMul_49,N/A,N/A,1788518699025474.735	,4.980,0.020000,0
6,InplaceAddRmsNorm_19,N/A,N/A,1788518699025479.775	,1.860,0.020000,0
6,MatMul_50,N/A,N/A,1788518699025481.655	,3.780,0.140000,0
6,SplitV_10,N/A,N/A,1788518699025485.455	,1.120,0.000000,0
6,ApplyRotaryPosEmb_10,N/A,N/A,1788518699025486.595	,3.580,0.000000,0
6,Scatter_20,N/A,N/A,1788518699025490.215	,1.800,0.170000,0
6,Scatter_21,N/A,N/A,1788518699025492.075	,2.300,0.000000,0
6,IncreFlashAttention_10,N/A,N/A,1788518699025496.675	,16.700,2.450000,0
6,MatMul_51,N/A,N/A,1788518699025514.275	,4.140,0.800000,0
6,InplaceAddRmsNorm_20,N/A,N/A,1788518699025518.455	,2.260,0.110000,0
6,MatMul_52,N/A,N/A,1788518699025520.735	,3.700,0.000000,0
6,MatMul_53,N/A,N/A,1788518699025524.455	,3.460,0.050000,0
6,Swish_10Mul_10,N/A,N/A,1788518699025527.935	,3.500,0.040000,0
6,MatMul_54,N/A,N/A,1788518699025531.455	,4.340,0.000000,0
6,InplaceAddRmsNorm_21,N/A,N/A,1788518699025535.855	,2.080,0.000000,0
6,MatMul_55,N/A,N/A,1788518699025537.955	,4.120,0.170000,0
6,SplitV_11,N/A,N/A,1788518699025542.115	,1.100,0.000000,0
6,ApplyRotaryPosEmb_11,N/A,N/A,1788518699025543.235	,4.760,0.150000,0
6,Scatter_22,N/A,N/A,1788518699025548.015	,1.200,0.000000,0
6,Scatter_23,N/A,N/A,1788518699025549.275	,2.460,0.050000,0
6,IncreFlashAttention_11,N/A,N/A,1788518699025553.075	,17.040,1.290000,0
6,MatMul_56,N/A,N/A,1788518699025571.235	,3.360,1.210000,0
6,InplaceAddRmsNorm_22,N/A,N/A,1788518699025574.615	,2.400,0.000000,0
6,MatMul_57,N/A,N/A,1788518699025577.035	,3.760,0.100000,0
6,MatMul_58,N/A,N/A,1788518699025580.815	,4.260,0.000000,0
6,Swish_11Mul_11,N/A,N/A,1788518699025585.095	,3.460,0.000000,0
6,MatMul_59,N/A,N/A,1788518699025588.575	,4.280,0.040000,0
6,InplaceAddRmsNorm_23,N/A,N/A,1788518699025592.935	,1.860,0.220000,0
6,MatMul_60,N/A,N/A,1788518699025594.815	,3.960,0.000000,0
6,SplitV_12,N/A,N/A,1788518699025598.815	,1.620,0.040000,0
6,ApplyRotaryPosEmb_12,N/A,N/A,1788518699025600.455	,3.560,0.130000,0
6,Scatter_24,N/A,N/A,1788518699025604.035	,1.180,0.000000,0
6,Scatter_25,N/A,N/A,1788518699025605.295	,2.360,0.070000,0
6,IncreFlashAttention_12,N/A,N/A,1788518699025608.855	,17.020,1.140000,0
6,MatMul_61,N/A,N/A,1788518699025627.035	,3.640,1.230000,0
6,InplaceAddRmsNorm_24,N/A,N/A,1788518699025630.695	,2.320,0.110000,0
6,MatMul_62,N/A,N/A,1788518699025633.035	,3.740,0.000000,0
6,MatMul_63,N/A,N/A,1788518699025636.795	,4.060,0.010000,0
6,Swish_12Mul_12,N/A,N/A,1788518699025640.875	,3.820,0.190000,0
6,MatMul_64,N/A,N/A,1788518699025644.715	,5.220,0.000000,0
6,InplaceAddRmsNorm_25,N/A,N/A,1788518699025650.015	,1.620,0.030000,0
6,MatMul_65,N/A,N/A,1788518699025651.655	,5.000,0.130000,0
6,SplitV_13,N/A,N/A,1788518699025656.675	,1.220,0.000000,0
6,ApplyRotaryPosEmb_13,N/A,N/A,1788518699025657.915	,4.340,0.030000,0
6,Scatter_26,N/A,N/A,1788518699025662.295	,3.660,0.000000,0
6,Scatter_27,N/A,N/A,1788518699025666.015	,2.240,0.090000,0
6,IncreFlashAttention_13,N/A,N/A,1788518699025670.055	,16.240,1.760000,0
6,MatMul_66,N/A,N/A,1788518699025686.935	,4.440,0.760000,0
6,InplaceAddRmsNorm_26,N/A,N/A,1788518699025691.395	,2.680,0.060000,0
6,MatMul_67,N/A,N/A,1788518699025694.115	,3.620,0.000000,0
6,MatMul_68,N/A,N/A,1788518699025697.755	,4.720,0.130000,0
6,Swish_13Mul_13,N/A,N/A,1788518699025702.515	,3.500,0.030000,0
6,MatMul_69,N/A,N/A,1788518699025706.035	,4.120,0.000000,0
6,InplaceAddRmsNorm_27,N/A,N/A,1788518699025710.215	,2.040,0.130000,0
6,MatMul_70,N/A,N/A,1788518699025712.275	,4.060,0.000000,0
6,SplitV_14,N/A,N/A,1788518699025716.355	,1.100,0.000000,0
6,ApplyRotaryPosEmb_14,N/A,N/A,1788518699025717.475	,2.760,0.150000,0
6,Scatter_28,N/A,N/A,1788518699025720.255	,2.460,0.000000,0
6,Scatter_29,N/A,N/A,1788518699025722.795	,2.320,0.040000,0
6,IncreFlashAttention_14,N/A,N/A,1788518699025727.095	,16.900,1.930000,0
6,MatMul_71,N/A,N/A,1788518699025745.035	,3.260,1.100000,0
6,InplaceAddRmsNorm_28,N/A,N/A,1788518699025748.315	,2.360,0.000000,0
6,MatMul_72,N/A,N/A,1788518699025750.695	,4.300,0.140000,0
6,MatMul_73,N/A,N/A,1788518699025755.015	,3.460,0.000000,0
6,Swish_14Mul_14,N/A,N/A,1788518699025758.495	,3.640,0.040000,0
6,MatMul_74,N/A,N/A,1788518699025762.155	,4.060,0.110000,0
6,InplaceAddRmsNorm_29,N/A,N/A,1788518699025766.295	,1.860,0.000000,0
6,MatMul_75,N/A,N/A,1788518699025768.175	,4.060,0.140000,0
6,SplitV_15,N/A,N/A,1788518699025772.255	,1.060,0.000000,0
6,ApplyRotaryPosEmb_15,N/A,N/A,1788518699025773.355	,2.800,0.000000,0
6,Scatter_30,N/A,N/A,1788518699025776.175	,1.780,0.200000,0
6,Scatter_31,N/A,N/A,1788518699025778.035	,2.240,0.000000,0
6,IncreFlashAttention_15,N/A,N/A,1788518699025781.495	,16.480,1.260000,0
6,MatMul_76,N/A,N/A,1788518699025799.055	,3.260,1.020000,0
6,InplaceAddRmsNorm_30,N/A,N/A,1788518699025802.335	,2.300,0.000000,0
6,MatMul_77,N/A,N/A,1788518699025804.655	,4.220,0.200000,0
6,MatMul_78,N/A,N/A,1788518699025808.915	,3.380,0.030000,0
6,Swish_15Mul_15,N/A,N/A,1788518699025812.335	,3.480,0.000000,0
6,MatMul_79,N/A,N/A,1788518699025815.835	,3.980,0.020000,0
6,InplaceAddRmsNorm_31,N/A,N/A,1788518699025819.875	,1.940,0.270000,0
6,MatMul_80,N/A,N/A,1788518699025821.835	,4.040,0.000000,0
6,SplitV_16,N/A,N/A,1788518699025825.895	,1.100,0.210000,0
6,ApplyRotaryPosEmb_16,N/A,N/A,1788518699025827.015	,2.760,0.000000,0
6,Scatter_32,N/A,N/A,1788518699025829.795	,1.800,0.000000,0
6,Scatter_33,N/A,N/A,1788518699025831.675	,2.260,0.200000,0
6,IncreFlashAttention_16,N/A,N/A,1788518699025834.855	,16.460,0.740000,0
6,MatMul_81,N/A,N/A,1788518699025852.475	,3.200,1.290000,0
6,InplaceAddRmsNorm_32,N/A,N/A,1788518699025855.695	,2.240,0.050000,0
6,MatMul_82,N/A,N/A,1788518699025857.975	,3.780,0.010000,0
6,MatMul_83,N/A,N/A,1788518699025861.795	,3.440,0.000000,0
6,Swish_16Mul_16,N/A,N/A,1788518699025865.255	,3.600,0.060000,0
6,MatMul_84,N/A,N/A,1788518699025868.895	,5.240,0.150000,0
6,InplaceAddRmsNorm_33,N/A,N/A,1788518699025874.195	,1.560,0.010000,0
6,MatMul_85,N/A,N/A,1788518699025875.775	,4.000,0.000000,0
6,SplitV_17,N/A,N/A,1788518699025879.795	,1.120,0.000000,0
6,ApplyRotaryPosEmb_17,N/A,N/A,1788518699025880.935	,2.620,0.130000,0
6,Scatter_34,N/A,N/A,1788518699025883.575	,1.300,0.000000,0
6,Scatter_35,N/A,N/A,1788518699025884.955	,2.240,0.200000,0
6,IncreFlashAttention_17,N/A,N/A,1788518699025888.255	,18.520,1.010000,0
6,MatMul_86,N/A,N/A,1788518699025907.975	,3.840,1.230000,0
6,InplaceAddRmsNorm_34,N/A,N/A,1788518699025911.855	,2.360,0.000000,0
6,MatMul_87,N/A,N/A,1788518699025914.235	,3.760,0.140000,0
6,MatMul_88,N/A,N/A,1788518699025918.015	,3.580,0.000000,0
6,Swish_17Mul_17,N/A,N/A,1788518699025921.615	,3.440,0.000000,0
6,MatMul_89,N/A,N/A,1788518699025925.075	,4.100,0.060000,0
6,InplaceAddRmsNorm_35,N/A,N/A,1788518699025929.195	,2.900,0.150000,0
6,MatMul_90,N/A,N/A,1788518699025932.115	,14.740,0.000000,0
6,GatherV2_2,N/A,N/A,1788518699025946.895	,10.880,0.260000,0
6,Cast_19,N/A,N/A,1788518699025957.815	,8.440,0.000000,0
6,ArgMaxV2,N/A,N/A,1788518699025966.275	,10.220,0.060000,0
6,ArgMaxV2_Output0CastAfter,N/A,N/A,1788518699025976.515	,0.820,0.030000,0
6,GatherV2_3,N/A,N/A,1788518699025977.355	,1.280,0.000000,0
6,Range,N/A,N/A,1788518699026269.755	,8.580,291.220000,0
6,Cast,N/A,N/A,1788518699026278.355	,1.040,0.000000,0
6,GatherV2,N/A,N/A,1788518699026279.415	,2.620,0.210000,0
6,RmsNorm,N/A,N/A,1788518699026282.095	,8.820,0.000000,0
6,MatMul,N/A,N/A,1788518699026290.935	,11.020,0.180000,0
6,SplitV,N/A,N/A,1788518699026301.975	,1.640,0.000000,0
6,Add,N/A,N/A,1788518699026303.635	,2.340,0.110000,0
6,GatherV2_1,N/A,N/A,1788518699026305.995	,2.700,0.000000,0
6,Scatter_1,N/A,N/A,1788518699026308.715	,3.480,0.050000,0
6,Greater,N/A,N/A,1788518699026312.255	,9.340,0.020000,0
6,Unpack,N/A,N/A,1788518699026321.635	,0.820,0.160000,0
6,ApplyRotaryPosEmb,N/A,N/A,1788518699026322.475	,3.860,0.000000,0
6,Scatter,N/A,N/A,1788518699026326.355	,2.920,0.000000,0
6,IncreFlashAttention,N/A,N/A,1788518699026330.375	,22.120,1.330000,0
6,MatMul_1,N/A,N/A,1788518699026353.435	,7.300,0.880000,0
6,InplaceAddRmsNorm,N/A,N/A,1788518699026360.755	,2.860,0.000000,0
6,MatMul_2,N/A,N/A,1788518699026363.635	,8.240,0.140000,0
6,MatMul_3,N/A,N/A,1788518699026371.895	,6.860,0.010000,0
6,SwishMul,N/A,N/A,1788518699026378.775	,5.320,0.000000,0
6,MatMul_4,N/A,N/A,1788518699026384.115	,9.900,0.000000,0
6,InplaceAddRmsNorm_1,N/A,N/A,1788518699026394.075	,2.660,0.100000,0
6,MatMul_5,N/A,N/A,1788518699026396.755	,4.320,0.090000,0
6,SplitV_1,N/A,N/A,1788518699026401.095	,1.100,0.000000,0
6,ApplyRotaryPosEmb_1,N/A,N/A,1788518699026402.215	,2.440,0.150000,0
6,Scatter_2,N/A,N/A,1788518699026404.675	,1.220,0.060000,0
6,Scatter_3,N/A,N/A,1788518699026405.955	,2.480,0.030000,0
6,IncreFlashAttention_1,N/A,N/A,1788518699026410.095	,18.920,1.520000,0
6,MatMul_6,N/A,N/A,1788518699026430.075	,3.060,1.080000,0
6,InplaceAddRmsNorm_2,N/A,N/A,1788518699026433.155	,2.780,0.190000,0
6,MatMul_7,N/A,N/A,1788518699026435.955	,3.960,0.000000,0
6,MatMul_8,N/A,N/A,1788518699026439.935	,3.320,0.040000,0
6,Swish_1Mul_1,N/A,N/A,1788518699026443.295	,3.600,0.000000,0
6,MatMul_9,N/A,N/A,1788518699026446.915	,4.900,0.150000,0
6,InplaceAddRmsNorm_3,N/A,N/A,1788518699026451.875	,2.040,0.100000,0
6,MatMul_10,N/A,N/A,1788518699026453.935	,4.320,0.000000,0
6,SplitV_2,N/A,N/A,1788518699026458.275	,1.120,0.000000,0
6,ApplyRotaryPosEmb_2,N/A,N/A,1788518699026459.415	,4.080,0.130000,0
6,Scatter_4,N/A,N/A,1788518699026463.515	,1.180,0.000000,0
6,Scatter_5,N/A,N/A,1788518699026464.755	,2.700,0.070000,0
6,IncreFlashAttention_2,N/A,N/A,1788518699026468.835	,15.320,1.300000,0
6,MatMul_11,N/A,N/A,1788518699026485.195	,3.800,1.180000,0
6,InplaceAddRmsNorm_4,N/A,N/A,1788518699026489.035	,1.980,0.000000,0
6,MatMul_12,N/A,N/A,1788518699026491.035	,3.900,0.020000,0
6,MatMul_13,N/A,N/A,1788518699026494.955	,3.260,0.100000,0
6,Swish_2Mul_2,N/A,N/A,1788518699026498.235	,3.580,0.000000,0
6,MatMul_14,N/A,N/A,1788518699026501.855	,4.440,0.000000,0
6,InplaceAddRmsNorm_5,N/A,N/A,1788518699026506.355	,1.800,0.060000,0
6,MatMul_15,N/A,N/A,1788518699026508.175	,4.560,0.200000,0
6,SplitV_3,N/A,N/A,1788518699026512.755	,1.140,0.000000,0
6,ApplyRotaryPosEmb_3,N/A,N/A,1788518699026513.915	,4.100,0.110000,0
6,Scatter_6,N/A,N/A,1788518699026518.035	,1.120,0.000000,0
6,Scatter_7,N/A,N/A,1788518699026519.215	,1.460,0.130000,0
6,IncreFlashAttention_3,N/A,N/A,1788518699026522.775	,16.120,2.040000,0
6,MatMul_16,N/A,N/A,1788518699026539.735	,3.500,0.880000,0
6,InplaceAddRmsNorm_6,N/A,N/A,1788518699026543.255	,2.340,0.000000,0
6,MatMul_17,N/A,N/A,1788518699026545.635	,3.780,0.160000,0
6,MatMul_18,N/A,N/A,1788518699026549.435	,4.060,0.000000,0
6,Swish_3Mul_3,N/A,N/A,1788518699026553.535	,3.180,0.000000,0
6,MatMul_19,N/A,N/A,1788518699026556.735	,3.880,0.070000,0
6,InplaceAddRmsNorm_7,N/A,N/A,1788518699026560.675	,1.620,0.120000,0
6,MatMul_20,N/A,N/A,1788518699026562.315	,4.800,0.000000,0
6,SplitV_4,N/A,N/A,1788518699026567.135	,1.160,0.200000,0
6,ApplyRotaryPosEmb_4,N/A,N/A,1788518699026568.315	,3.080,0.000000,0
6,Scatter_8,N/A,N/A,1788518699026571.415	,1.220,0.170000,0
6,Scatter_9,N/A,N/A,1788518699026572.695	,2.160,0.030000,0
6,IncreFlashAttention_4,N/A,N/A,1788518699026576.155	,16.440,1.340000,0
6,MatMul_21,N/A,N/A,1788518699026593.715	,3.260,1.060000,0
6,InplaceAddRmsNorm_8,N/A,N/A,1788518699026596.995	,2.340,0.000000,0
6,MatMul_22,N/A,N/A,1788518699026599.355	,3.620,0.000000,0
6,MatMul_23,N/A,N/A,1788518699026602.995	,4.200,0.130000,0
6,Swish_4Mul_4,N/A,N/A,1788518699026607.215	,3.500,0.050000,0
6,MatMul_24,N/A,N/A,1788518699026610.735	,3.900,0.000000,0
6,InplaceAddRmsNorm_9,N/A,N/A,1788518699026614.695	,1.840,0.100000,0
6,MatMul_25,N/A,N/A,1788518699026616.555	,4.160,0.000000,0
6,SplitV_5,N/A,N/A,1788518699026620.755	,1.140,0.090000,0
6,ApplyRotaryPosEmb_5,N/A,N/A,1788518699026621.915	,6.020,0.110000,0
6,Scatter_10,N/A,N/A,1788518699026627.955	,1.200,0.000000,0
6,Scatter_11,N/A,N/A,1788518699026629.235	,2.260,0.050000,0
6,IncreFlashAttention_5,N/A,N/A,1788518699026632.515	,17.440,0.990000,0
6,MatMul_26,N/A,N/A,1788518699026650.715	,3.360,0.810000,0
6,InplaceAddRmsNorm_10,N/A,N/A,1788518699026654.095	,2.940,0.000000,0
6,MatMul_27,N/A,N/A,1788518699026657.055	,3.640,0.060000,0
6,MatMul_28,N/A,N/A,1788518699026660.715	,3.400,0.110000,0
6,Swish_5Mul_5,N/A,N/A,1788518699026664.135	,3.420,0.100000,0
6,MatMul_29,N/A,N/A,1788518699026667.575	,3.860,0.000000,0
6,InplaceAddRmsNorm_11,N/A,N/A,1788518699026671.495	,1.960,0.140000,0
6,MatMul_30,N/A,N/A,1788518699026673.475	,5.240,0.040000,0
6,SplitV_6,N/A,N/A,1788518699026678.735	,1.160,0.010000,0
6,ApplyRotaryPosEmb_6,N/A,N/A,1788518699026679.935	,3.340,0.090000,0
6,Scatter_12,N/A,N/A,1788518699026683.295	,1.540,0.000000,0
6,Scatter_13,N/A,N/A,1788518699026684.895	,2.200,0.210000,0
6,IncreFlashAttention_6,N/A,N/A,1788518699026688.435	,16.020,1.300000,0
6,MatMul_31,N/A,N/A,1788518699026705.275	,3.320,0.730000,0
6,InplaceAddRmsNorm_12,N/A,N/A,1788518699026708.635	,2.380,0.180000,0
6,MatMul_32,N/A,N/A,1788518699026711.055	,3.960,0.000000,0
6,MatMul_33,N/A,N/A,1788518699026715.035	,3.260,0.040000,0
6,Swish_6Mul_6,N/A,N/A,1788518699026718.315	,4.060,0.000000,0
6,MatMul_34,N/A,N/A,1788518699026722.395	,4.060,0.190000,0
6,InplaceAddRmsNorm_13,N/A,N/A,1788518699026726.515	,1.860,0.000000,0
6,MatMul_35,N/A,N/A,1788518699026728.415	,3.880,0.140000,0
6,SplitV_7,N/A,N/A,1788518699026732.315	,1.120,0.000000,0
6,ApplyRotaryPosEmb_7,N/A,N/A,1788518699026733.475	,3.420,0.130000,0
6,Scatter_14,N/A,N/A,1788518699026736.915	,1.820,0.080000,0
6,Scatter_15,N/A,N/A,1788518699026738.815	,2.340,0.000000,0
6,IncreFlashAttention_7,N/A,N/A,1788518699026742.275	,15.840,1.160000,0
6,MatMul_36,N/A,N/A,1788518699026759.255	,3.340,1.160000,0
6,InplaceAddRmsNorm_14,N/A,N/A,1788518699026762.615	,2.300,0.000000,0
6,MatMul_37,N/A,N/A,1788518699026764.935	,4.200,0.200000,0
6,MatMul_38,N/A,N/A,1788518699026769.175	,3.500,0.050000,0
6,Swish_7Mul_7,N/A,N/A,1788518699026772.695	,3.500,0.000000,0
6,MatMul_39,N/A,N/A,1788518699026776.215	,4.280,0.000000,0
6,InplaceAddRmsNorm_15,N/A,N/A,1788518699026780.555	,2.020,0.000000,0
6,MatMul_40,N/A,N/A,1788518699026782.595	,3.880,0.000000,0
6,SplitV_8,N/A,N/A,1788518699026786.495	,1.140,0.120000,0
6,ApplyRotaryPosEmb_8,N/A,N/A,1788518699026787.655	,3.260,0.110000,0
6,Scatter_16,N/A,N/A,1788518699026790.955	,1.180,0.000000,0
6,Scatter_17,N/A,N/A,1788518699026792.215	,2.240,0.070000,0
6,IncreFlashAttention_8,N/A,N/A,1788518699026795.655	,16.720,1.260000,0
6,MatMul_41,N/A,N/A,1788518699026813.195	,3.380,0.780000,0
6,InplaceAddRmsNorm_16,N/A,N/A,1788518699026816.615	,2.320,0.000000,0
6,MatMul_42,N/A,N/A,1788518699026818.955	,3.660,0.180000,0
6,MatMul_43,N/A,N/A,1788518699026822.635	,3.360,0.090000,0
6,Swish_8Mul_8,N/A,N/A,1788518699026826.035	,3.440,0.000000,0
6,MatMul_44,N/A,N/A,1788518699026829.495	,4.940,0.060000,0
6,InplaceAddRmsNorm_17,N/A,N/A,1788518699026834.515	,1.900,0.060000,0
6,MatMul_45,N/A,N/A,1788518699026836.435	,3.820,0.100000,0
6,SplitV_9,N/A,N/A,1788518699026840.275	,1.100,0.000000,0
6,ApplyRotaryPosEmb_9,N/A,N/A,1788518699026841.395	,3.280,0.150000,0
6,Scatter_18,N/A,N/A,1788518699026844.715	,1.100,0.000000,0
6,Scatter_19,N/A,N/A,1788518699026845.875	,2.300,0.150000,0
6,IncreFlashAttention_9,N/A,N/A,1788518699026850.875	,15.520,2.700000,0
6,MatMul_46,N/A,N/A,1788518699026867.215	,3.980,0.730000,0
6,InplaceAddRmsNorm_18,N/A,N/A,1788518699026871.215	,2.400,0.020000,0
6,MatMul_47,N/A,N/A,1788518699026873.635	,3.880,0.100000,0
6,MatMul_48,N/A,N/A,1788518699026877.535	,3.300,0.000000,0
6,Swish_9Mul_9,N/A,N/A,1788518699026880.855	,3.480,0.000000,0
6,MatMul_49,N/A,N/A,1788518699026884.355	,5.000,0.020000,0
6,InplaceAddRmsNorm_19,N/A,N/A,1788518699026889.415	,1.840,0.250000,0
6,MatMul_50,N/A,N/A,1788518699026891.275	,3.780,0.000000,0
6,SplitV_10,N/A,N/A,1788518699026895.075	,1.140,0.000000,0
6,ApplyRotaryPosEmb_10,N/A,N/A,1788518699026896.235	,3.440,0.110000,0
6,Scatter_20,N/A,N/A,1788518699026899.695	,2.020,0.060000,0
6,Scatter_21,N/A,N/A,1788518699026901.775	,2.260,0.000000,0
6,IncreFlashAttention_10,N/A,N/A,1788518699026905.895	,16.540,1.990000,0
6,MatMul_51,N/A,N/A,1788518699026923.575	,4.540,0.960000,0
6,InplaceAddRmsNorm_20,N/A,N/A,1788518699026928.135	,2.320,0.210000,0
6,MatMul_52,N/A,N/A,1788518699026930.495	,3.580,0.000000,0
6,MatMul_53,N/A,N/A,1788518699026934.115	,3.560,0.000000,0
6,Swish_10Mul_10,N/A,N/A,1788518699026937.695	,3.500,0.190000,0
6,MatMul_54,N/A,N/A,1788518699026941.215	,4.360,0.000000,0
6,InplaceAddRmsNorm_21,N/A,N/A,1788518699026945.635	,2.080,0.140000,0
6,MatMul_55,N/A,N/A,1788518699026947.735	,4.280,0.000000,0
6,SplitV_11,N/A,N/A,1788518699026952.035	,1.100,0.000000,0
6,ApplyRotaryPosEmb_11,N/A,N/A,1788518699026953.155	,5.500,0.150000,0
6,Scatter_22,N/A,N/A,1788518699026958.695	,1.200,0.000000,0
6,Scatter_23,N/A,N/A,1788518699026959.955	,2.280,0.050000,0
6,IncreFlashAttention_11,N/A,N/A,1788518699026963.575	,16.700,1.220000,0
6,MatMul_56,N/A,N/A,1788518699026981.155	,3.380,1.050000,0
6,InplaceAddRmsNorm_22,N/A,N/A,1788518699026984.555	,2.780,0.000000,0
6,MatMul_57,N/A,N/A,1788518699026987.355	,3.740,0.000000,0
6,MatMul_58,N/A,N/A,1788518699026991.115	,4.300,0.010000,0
6,Swish_11Mul_11,N/A,N/A,1788518699026995.435	,3.500,0.200000,0
6,MatMul_59,N/A,N/A,1788518699026998.955	,4.000,0.000000,0
6,InplaceAddRmsNorm_23,N/A,N/A,1788518699027003.015	,1.520,0.000000,0
6,MatMul_60,N/A,N/A,1788518699027004.555	,4.180,0.000000,0
6,SplitV_12,N/A,N/A,1788518699027008.775	,1.920,0.070000,0
6,ApplyRotaryPosEmb_12,N/A,N/A,1788518699027010.735	,4.040,0.080000,0
6,Scatter_24,N/A,N/A,1788518699027014.795	,1.180,0.000000,0
6,Scatter_25,N/A,N/A,1788518699027016.035	,2.280,0.070000,0
6,IncreFlashAttention_12,N/A,N/A,1788518699027019.315	,16.380,0.970000,0
6,MatMul_61,N/A,N/A,1788518699027036.875	,3.680,1.370000,0
6,InplaceAddRmsNorm_24,N/A,N/A,1788518699027040.575	,2.440,0.000000,0
6,MatMul_62,N/A,N/A,1788518699027043.035	,3.700,0.060000,0
6,MatMul_63,N/A,N/A,1788518699027046.755	,4.080,0.050000,0
6,Swish_12Mul_12,N/A,N/A,1788518699027050.855	,4.000,0.000000,0
6,MatMul_64,N/A,N/A,1788518699027054.875	,5.300,0.250000,0
6,InplaceAddRmsNorm_25,N/A,N/A,1788518699027060.235	,1.620,0.000000,0
6,MatMul_65,N/A,N/A,1788518699027061.895	,4.740,0.130000,0
6,SplitV_13,N/A,N/A,1788518699027066.655	,1.540,0.010000,0
6,ApplyRotaryPosEmb_13,N/A,N/A,1788518699027068.235	,2.860,0.000000,0
6,Scatter_26,N/A,N/A,1788518699027071.115	,1.180,0.000000,0
6,Scatter_27,N/A,N/A,1788518699027072.375	,2.960,0.320000,0
6,IncreFlashAttention_13,N/A,N/A,1788518699027076.835	,16.420,1.290000,0
6,MatMul_66,N/A,N/A,1788518699027094.415	,4.360,1.330000,0
6,InplaceAddRmsNorm_26,N/A,N/A,1788518699027098.815	,2.180,0.000000,0
6,MatMul_67,N/A,N/A,1788518699027101.035	,3.680,0.070000,0
6,MatMul_68,N/A,N/A,1788518699027104.735	,4.980,0.070000,0
6,Swish_13Mul_13,N/A,N/A,1788518699027109.735	,3.480,0.020000,0
6,MatMul_69,N/A,N/A,1788518699027113.235	,4.280,0.020000,0
6,InplaceAddRmsNorm_27,N/A,N/A,1788518699027117.575	,2.000,0.000000,0
6,MatMul_70,N/A,N/A,1788518699027119.615	,3.920,0.000000,0
6,SplitV_14,N/A,N/A,1788518699027123.575	,1.100,0.080000,0
6,ApplyRotaryPosEmb_14,N/A,N/A,1788518699027124.695	,2.580,0.150000,0
6,Scatter_28,N/A,N/A,1788518699027127.315	,2.560,0.000000,0
6,Scatter_29,N/A,N/A,1788518699027129.935	,2.440,0.190000,0
6,IncreFlashAttention_14,N/A,N/A,1788518699027134.035	,16.900,1.560000,0
6,MatMul_71,N/A,N/A,1788518699027151.955	,3.560,1.100000,0
6,InplaceAddRmsNorm_28,N/A,N/A,1788518699027155.535	,2.420,0.000000,0
6,MatMul_72,N/A,N/A,1788518699027157.975	,4.300,0.080000,0
6,MatMul_73,N/A,N/A,1788518699027162.295	,3.380,0.000000,0
6,Swish_14Mul_14,N/A,N/A,1788518699027165.695	,3.500,0.120000,0
6,MatMul_74,N/A,N/A,1788518699027169.215	,4.320,0.000000,0
6,InplaceAddRmsNorm_29,N/A,N/A,1788518699027173.595	,1.900,0.000000,0
6,MatMul_75,N/A,N/A,1788518699027175.515	,4.060,0.100000,0
6,SplitV_15,N/A,N/A,1788518699027179.595	,1.060,0.000000,0
6,ApplyRotaryPosEmb_15,N/A,N/A,1788518699027180.675	,2.660,0.190000,0
6,Scatter_30,N/A,N/A,1788518699027183.375	,1.760,0.090000,0
6,Scatter_31,N/A,N/A,1788518699027185.215	,2.260,0.000000,0
6,IncreFlashAttention_15,N/A,N/A,1788518699027188.935	,16.020,1.490000,0
6,MatMul_76,N/A,N/A,1788518699027205.895	,3.420,0.980000,0
6,InplaceAddRmsNorm_30,N/A,N/A,1788518699027209.335	,2.320,0.000000,0
6,MatMul_77,N/A,N/A,1788518699027211.675	,4.080,0.180000,0
6,MatMul_78,N/A,N/A,1788518699027215.795	,3.540,0.000000,0
6,Swish_15Mul_15,N/A,N/A,1788518699027219.355	,3.540,0.000000,0
6,MatMul_79,N/A,N/A,1788518699027222.935	,3.900,0.210000,0
6,InplaceAddRmsNorm_31,N/A,N/A,1788518699027226.895	,2.040,0.100000,0
6,MatMul_80,N/A,N/A,1788518699027228.955	,4.000,0.000000,0
6,SplitV_16,N/A,N/A,1788518699027232.975	,1.100,0.000000,0
6,ApplyRotaryPosEmb_16,N/A,N/A,1788518699027234.095	,3.340,0.000000,0
6,Scatter_32,N/A,N/A,1788518699027237.455	,1.920,0.160000,0
6,Scatter_33,N/A,N/A,1788518699027239.455	,2.380,0.080000,0
6,IncreFlashAttention_16,N/A,N/A,1788518699027242.875	,15.540,1.120000,0
6,MatMul_81,N/A,N/A,1788518699027259.215	,3.140,0.710000,0
6,InplaceAddRmsNorm_32,N/A,N/A,1788518699027262.375	,2.360,0.110000,0
6,MatMul_82,N/A,N/A,1788518699027264.755	,3.600,0.000000,0
6,MatMul_83,N/A,N/A,1788518699027268.375	,3.380,0.150000,0
6,Swish_16Mul_16,N/A,N/A,1788518699027271.795	,3.520,0.000000,0
6,MatMul_84,N/A,N/A,1788518699027275.335	,5.460,0.000000,0
6,InplaceAddRmsNorm_33,N/A,N/A,1788518699027280.855	,1.860,0.040000,0
6,MatMul_85,N/A,N/A,1788518699027282.735	,4.220,0.140000,0
6,SplitV_17,N/A,N/A,1788518699027286.975	,1.100,0.030000,0
6,ApplyRotaryPosEmb_17,N/A,N/A,1788518699027288.115	,2.680,0.000000,0
6,Scatter_34,N/A,N/A,1788518699027290.815	,1.280,0.070000,0
6,Scatter_35,N/A,N/A,1788518699027292.155	,2.760,0.220000,0
6,IncreFlashAttention_17,N/A,N/A,1788518699027296.195	,17.040,1.240000,0
6,MatMul_86,N/A,N/A,1788518699027314.415	,3.660,1.210000,0
6,InplaceAddRmsNorm_34,N/A,N/A,1788518699027318.115	,2.820,0.000000,0
6,MatMul_87,N/A,N/A,1788518699027320.975	,3.600,0.180000,0
6,MatMul_88,N/A,N/A,1788518699027324.595	,3.500,0.000000,0
6,Swish_17Mul_17,N/A,N/A,1788518699027328.115	,3.580,0.000000,0
6,MatMul_89,N/A,N/A,1788518699027331.715	,4.020,0.170000,0
6,InplaceAddRmsNorm_35,N/A,N/A,1788518699027335.755	,2.860,0.000000,0
6,MatMul_90,N/A,N/A,1788518699027338.635	,15.000,0.140000,0
6,GatherV2_2,N/A,N/A,1788518699027353.655	,10.980,0.000000,0
6,Cast_19,N/A,N/A,1788518699027364.675	,8.480,0.020000,0
6,ArgMaxV2,N/A,N/A,1788518699027373.175	,9.900,0.020000,0
6,ArgMaxV2_Output0CastAfter,N/A,N/A,1788518699027383.115	,0.800,0.000000,0
6,GatherV2_3,N/A,N/A,1788518699027383.935	,1.440,0.200000,0
6,Range,N/A,N/A,1788518699027669.475	,8.620,284.060000,0
6,Cast,N/A,N/A,1788518699027678.115	,1.020,0.000000,0
6,GatherV2,N/A,N/A,1788518699027679.155	,2.680,0.230000,0
6,RmsNorm,N/A,N/A,1788518699027681.915	,8.660,0.070000,0
6,MatMul,N/A,N/A,1788518699027690.595	,10.800,0.000000,0
6,SplitV,N/A,N/A,1788518699027701.415	,1.560,0.200000,0
6,Add,N/A,N/A,1788518699027702.995	,2.100,0.000000,0
6,GatherV2_1,N/A,N/A,1788518699027705.115	,2.700,0.000000,0
6,Scatter_1,N/A,N/A,1788518699027707.835	,3.500,0.050000,0
6,Greater,N/A,N/A,1788518699027711.395	,9.180,0.250000,0
6,Unpack,N/A,N/A,1788518699027720.615	,0.820,0.000000,0
6,ApplyRotaryPosEmb,N/A,N/A,1788518699027721.455	,4.060,0.180000,0
6,Scatter,N/A,N/A,1788518699027725.555	,2.940,0.000000,0
6,IncreFlashAttention,N/A,N/A,1788518699027729.955	,22.620,1.560000,0
6,MatMul_1,N/A,N/A,1788518699027753.635	,7.380,1.130000,0
6,InplaceAddRmsNorm,N/A,N/A,1788518699027761.035	,2.760,0.000000,0
6,MatMul_2,N/A,N/A,1788518699027763.815	,8.220,0.000000,0
6,MatMul_3,N/A,N/A,1788518699027772.055	,6.720,0.030000,0
6,SwishMul,N/A,N/A,1788518699027778.795	,5.280,0.030000,0
6,MatMul_4,N/A,N/A,1788518699027784.095	,9.840,0.000000,0
6,InplaceAddRmsNorm_1,N/A,N/A,1788518699027793.995	,2.720,0.160000,0
6,MatMul_5,N/A,N/A,1788518699027796.735	,4.300,0.030000,0
6,SplitV_1,N/A,N/A,1788518699027801.055	,1.080,0.000000,0
6,ApplyRotaryPosEmb_1,N/A,N/A,1788518699027802.155	,2.720,0.170000,0
6,Scatter_2,N/A,N/A,1788518699027804.895	,1.200,0.030000,0
6,Scatter_3,N/A,N/A,1788518699027806.175	,1.860,0.050000,0
6,IncreFlashAttention_1,N/A,N/A,1788518699027810.315	,18.580,2.140000,0
6,MatMul_6,N/A,N/A,1788518699027829.695	,3.080,0.920000,0
6,InplaceAddRmsNorm_2,N/A,N/A,1788518699027832.815	,2.800,0.000000,0
6,MatMul_7,N/A,N/A,1788518699027835.635	,3.720,0.200000,0
6,MatMul_8,N/A,N/A,1788518699027839.375	,3.420,0.030000,0
6,Swish_1Mul_1,N/A,N/A,1788518699027842.815	,3.720,0.000000,0
6,MatMul_9,N/A,N/A,1788518699027846.555	,4.960,0.030000,0
6,InplaceAddRmsNorm_3,N/A,N/A,1788518699027851.575	,2.000,0.040000,0
6,MatMul_10,N/A,N/A,1788518699027853.595	,4.500,0.000000,0
6,SplitV_2,N/A,N/A,1788518699027858.115	,1.140,0.000000,0
6,ApplyRotaryPosEmb_2,N/A,N/A,1788518699027859.275	,4.220,0.110000,0
6,Scatter_4,N/A,N/A,1788518699027863.515	,1.180,0.030000,0
6,Scatter_5,N/A,N/A,1788518699027864.755	,2.720,0.070000,0
6,IncreFlashAttention_2,N/A,N/A,1788518699027868.435	,15.460,1.030000,0
6,MatMul_11,N/A,N/A,1788518699027884.815	,3.780,0.790000,0
6,InplaceAddRmsNorm_4,N/A,N/A,1788518699027888.615	,1.900,0.000000,0
6,MatMul_12,N/A,N/A,1788518699027890.535	,4.000,0.100000,0
6,MatMul_13,N/A,N/A,1788518699027894.555	,3.280,0.000000,0
6,Swish_2Mul_2,N/A,N/A,1788518699027897.875	,3.620,0.220000,0
6,MatMul_14,N/A,N/A,1788518699027901.515	,4.400,0.000000,0
6,InplaceAddRmsNorm_5,N/A,N/A,1788518699027905.995	,1.880,0.100000,0
6,MatMul_15,N/A,N/A,1788518699027907.895	,4.460,0.120000,0
6,SplitV_3,N/A,N/A,1788518699027912.395	,1.120,0.040000,0
6,ApplyRotaryPosEmb_3,N/A,N/A,1788518699027913.535	,4.020,0.000000,0
6,Scatter_6,N/A,N/A,1788518699027917.575	,1.100,0.000000,0
6,Scatter_7,N/A,N/A,1788518699027918.755	,1.300,0.150000,0
6,IncreFlashAttention_3,N/A,N/A,1788518699027921.975	,16.060,1.950000,0
6,MatMul_16,N/A,N/A,1788518699027938.755	,3.680,0.690000,0
6,InplaceAddRmsNorm_6,N/A,N/A,1788518699027942.475	,2.380,0.070000,0
6,MatMul_17,N/A,N/A,1788518699027944.875	,4.800,0.120000,0
6,MatMul_18,N/A,N/A,1788518699027949.695	,4.460,0.000000,0
6,Swish_3Mul_3,N/A,N/A,1788518699027954.175	,3.980,0.040000,0
6,MatMul_19,N/A,N/A,1788518699027958.175	,4.640,0.020000,0
6,InplaceAddRmsNorm_7,N/A,N/A,1788518699027962.875	,4.020,0.110000,0
6,MatMul_20,N/A,N/A,1788518699027966.915	,8.620,0.000000,0
6,SplitV_4,N/A,N/A,1788518699027975.555	,5.200,0.000000,0
6,ApplyRotaryPosEmb_4,N/A,N/A,1788518699027980.775	,6.480,0.050000,0
6,Scatter_8,N/A,N/A,1788518699027987.275	,2.380,0.020000,0
6,Scatter_9,N/A,N/A,1788518699027989.735	,3.680,0.120000,0
6,IncreFlashAttention_4,N/A,N/A,1788518699027994.735	,18.460,1.320000,0
6,MatMul_21,N/A,N/A,1788518699028014.155	,4.940,1.040000,0
6,InplaceAddRmsNorm_8,N/A,N/A,1788518699028019.135	,2.720,0.060000,0
6,MatMul_22,N/A,N/A,1788518699028021.875	,6.800,0.030000,0
6,MatMul_23,N/A,N/A,1788518699028028.695	,5.060,0.000000,0
6,Swish_4Mul_4,N/A,N/A,1788518699028033.775	,3.580,0.000000,0
6,MatMul_24,N/A,N/A,1788518699028037.395	,5.520,0.170000,0
6,InplaceAddRmsNorm_9,N/A,N/A,1788518699028042.975	,1.720,0.000000,0
6,MatMul_25,N/A,N/A,1788518699028044.715	,13.040,0.030000,0
6,SplitV_5,N/A,N/A,1788518699028057.775	,1.660,0.000000,0
6,ApplyRotaryPosEmb_5,N/A,N/A,1788518699028059.455	,5.080,0.090000,0
6,Scatter_10,N/A,N/A,1788518699028064.555	,3.500,0.000000,0
6,Scatter_11,N/A,N/A,1788518699028068.115	,3.720,0.000000,0
6,IncreFlashAttention_5,N/A,N/A,1788518699028073.195	,17.940,1.530000,0
6,MatMul_26,N/A,N/A,1788518699028091.995	,6.760,0.810000,0
6,InplaceAddRmsNorm_10,N/A,N/A,1788518699028098.775	,2.440,0.000000,0
6,MatMul_27,N/A,N/A,1788518699028101.235	,5.220,0.060000,0
6,MatMul_28,N/A,N/A,1788518699028106.475	,5.140,0.030000,0
6,Swish_5Mul_5,N/A,N/A,1788518699028111.635	,3.520,0.110000,0
6,MatMul_29,N/A,N/A,1788518699028115.195	,5.500,0.000000,0
6,InplaceAddRmsNorm_11,N/A,N/A,1788518699028120.755	,2.000,0.000000,0
6,MatMul_30,N/A,N/A,1788518699028122.775	,8.620,0.000000,0
6,SplitV_6,N/A,N/A,1788518699028131.415	,1.460,0.130000,0
6,ApplyRotaryPosEmb_6,N/A,N/A,1788518699028132.895	,3.040,0.040000,0
6,Scatter_12,N/A,N/A,1788518699028135.975	,3.100,0.000000,0
6,Scatter_13,N/A,N/A,1788518699028139.135	,4.540,0.150000,0
6,IncreFlashAttention_6,N/A,N/A,1788518699028145.055	,15.380,1.210000,0
6,MatMul_31,N/A,N/A,1788518699028161.395	,5.020,1.120000,0
6,InplaceAddRmsNorm_12,N/A,N/A,1788518699028166.435	,2.420,0.000000,0
6,MatMul_32,N/A,N/A,1788518699028168.875	,7.200,0.080000,0
6,MatMul_33,N/A,N/A,1788518699028176.115	,5.080,0.000000,0
6,Swish_6Mul_6,N/A,N/A,1788518699028181.215	,3.880,0.170000,0
6,MatMul_34,N/A,N/A,1788518699028185.115	,7.200,0.000000,0
6,InplaceAddRmsNorm_13,N/A,N/A,1788518699028192.395	,1.940,0.300000,0
6,MatMul_35,N/A,N/A,1788518699028194.355	,10.680,0.000000,0
6,SplitV_7,N/A,N/A,1788518699028205.055	,1.100,0.070000,0
6,ApplyRotaryPosEmb_7,N/A,N/A,1788518699028206.195	,3.420,0.150000,0
6,Scatter_14,N/A,N/A,1788518699028209.635	,2.800,0.080000,0
6,Scatter_15,N/A,N/A,1788518699028212.515	,4.300,0.000000,0
6,IncreFlashAttention_7,N/A,N/A,1788518699028217.995	,15.360,1.200000,0
6,MatMul_36,N/A,N/A,1788518699028234.335	,4.560,0.890000,0
6,InplaceAddRmsNorm_14,N/A,N/A,1788518699028238.915	,2.360,0.190000,0
6,MatMul_37,N/A,N/A,1788518699028241.295	,5.640,0.000000,0
6,MatMul_38,N/A,N/A,1788518699028246.955	,7.340,0.110000,0
6,Swish_7Mul_7,N/A,N/A,1788518699028254.315	,3.480,0.000000,0
6,MatMul_39,N/A,N/A,1788518699028257.815	,7.360,0.020000,0
6,InplaceAddRmsNorm_15,N/A,N/A,1788518699028265.235	,2.080,0.140000,0
6,MatMul_40,N/A,N/A,1788518699028267.335	,7.880,0.000000,0
6,SplitV_8,N/A,N/A,1788518699028275.235	,1.160,0.120000,0
6,ApplyRotaryPosEmb_8,N/A,N/A,1788518699028276.415	,3.680,0.090000,0
6,Scatter_16,N/A,N/A,1788518699028280.115	,4.260,0.000000,0
6,Scatter_17,N/A,N/A,1788518699028284.435	,4.640,0.240000,0
6,IncreFlashAttention_8,N/A,N/A,1788518699028290.395	,15.400,1.360000,0
6,MatMul_41,N/A,N/A,1788518699028306.755	,5.100,0.850000,0
6,InplaceAddRmsNorm_16,N/A,N/A,1788518699028311.895	,2.300,0.150000,0
6,MatMul_42,N/A,N/A,1788518699028314.215	,5.080,0.000000,0
6,MatMul_43,N/A,N/A,1788518699028319.315	,4.880,0.000000,0
6,Swish_8Mul_8,N/A,N/A,1788518699028324.215	,3.560,0.120000,0
6,MatMul_44,N/A,N/A,1788518699028327.815	,7.020,0.000000,0
6,InplaceAddRmsNorm_17,N/A,N/A,1788518699028334.895	,1.920,0.230000,0
6,MatMul_45,N/A,N/A,1788518699028336.835	,7.200,0.000000,0
6,SplitV_9,N/A,N/A,1788518699028344.055	,1.060,0.050000,0
6,ApplyRotaryPosEmb_9,N/A,N/A,1788518699028345.135	,4.020,0.190000,0
6,Scatter_18,N/A,N/A,1788518699028349.175	,4.020,0.000000,0
6,Scatter_19,N/A,N/A,1788518699028353.255	,4.820,0.000000,0
6,IncreFlashAttention_9,N/A,N/A,1788518699028359.235	,14.500,1.180000,0
6,MatMul_46,N/A,N/A,1788518699028374.395	,5.080,0.750000,0
6,InplaceAddRmsNorm_18,N/A,N/A,1788518699028379.495	,2.400,0.000000,0
6,MatMul_47,N/A,N/A,1788518699028381.915	,7.200,0.100000,0
6,MatMul_48,N/A,N/A,1788518699028389.135	,6.900,0.050000,0
6,Swish_9Mul_9,N/A,N/A,1788518699028396.055	,3.520,0.000000,0
6,MatMul_49,N/A,N/A,1788518699028399.595	,6.240,0.000000,0
6,InplaceAddRmsNorm_19,N/A,N/A,1788518699028405.915	,1.840,0.260000,0
6,MatMul_50,N/A,N/A,1788518699028407.775	,7.920,0.000000,0
6,SplitV_10,N/A,N/A,1788518699028415.715	,1.120,0.080000,0
6,ApplyRotaryPosEmb_10,N/A,N/A,1788518699028416.855	,4.220,0.000000,0
6,Scatter_20,N/A,N/A,1788518699028421.095	,2.600,0.030000,0
6,Scatter_21,N/A,N/A,1788518699028423.755	,4.660,0.150000,0
6,IncreFlashAttention_10,N/A,N/A,1788518699028429.815	,16.020,1.340000,0
6,MatMul_51,N/A,N/A,1788518699028446.755	,4.660,0.980000,0
6,InplaceAddRmsNorm_20,N/A,N/A,1788518699028451.435	,2.780,0.090000,0
6,MatMul_52,N/A,N/A,1788518699028454.235	,7.300,0.000000,0
6,MatMul_53,N/A,N/A,1788518699028461.555	,7.280,0.000000,0
6,Swish_10Mul_10,N/A,N/A,1788518699028468.855	,3.600,0.000000,0
6,MatMul_54,N/A,N/A,1788518699028472.475	,7.360,0.150000,0
6,InplaceAddRmsNorm_21,N/A,N/A,1788518699028479.895	,2.080,0.140000,0
6,MatMul_55,N/A,N/A,1788518699028481.995	,7.360,0.000000,0
6,SplitV_11,N/A,N/A,1788518699028489.375	,1.120,0.140000,0
6,ApplyRotaryPosEmb_11,N/A,N/A,1788518699028490.515	,6.020,0.000000,0
6,Scatter_22,N/A,N/A,1788518699028496.555	,1.540,0.000000,0
6,Scatter_23,N/A,N/A,1788518699028498.155	,3.420,0.210000,0
6,IncreFlashAttention_11,N/A,N/A,1788518699028502.635	,16.940,1.080000,0
6,MatMul_56,N/A,N/A,1788518699028520.455	,3.460,0.810000,0
6,InplaceAddRmsNorm_22,N/A,N/A,1788518699028523.935	,2.380,0.040000,0
6,MatMul_57,N/A,N/A,1788518699028526.355	,7.240,0.000000,0
6,MatMul_58,N/A,N/A,1788518699028533.635	,6.960,0.260000,0
6,Swish_11Mul_11,N/A,N/A,1788518699028540.615	,3.460,0.000000,0
6,MatMul_59,N/A,N/A,1788518699028544.095	,5.800,0.040000,0
6,InplaceAddRmsNorm_23,N/A,N/A,1788518699028549.955	,1.600,0.200000,0
6,MatMul_60,N/A,N/A,1788518699028551.575	,11.840,0.000000,0
6,SplitV_12,N/A,N/A,1788518699028563.435	,2.280,0.160000,0
6,ApplyRotaryPosEmb_12,N/A,N/A,1788518699028565.755	,3.240,0.000000,0
6,Scatter_24,N/A,N/A,1788518699028569.015	,2.400,0.010000,0
6,Scatter_25,N/A,N/A,1788518699028571.475	,3.820,0.100000,0
6,IncreFlashAttention_12,N/A,N/A,1788518699028576.495	,16.340,1.180000,0
6,MatMul_61,N/A,N/A,1788518699028593.975	,4.640,1.160000,0
6,InplaceAddRmsNorm_24,N/A,N/A,1788518699028598.635	,2.400,0.110000,0
6,MatMul_62,N/A,N/A,1788518699028601.055	,5.200,0.000000,0
6,MatMul_63,N/A,N/A,1788518699028606.275	,8.160,0.050000,0
6,Swish_12Mul_12,N/A,N/A,1788518699028614.455	,4.040,0.090000,0
6,MatMul_64,N/A,N/A,1788518699028618.515	,5.500,0.000000,0
6,InplaceAddRmsNorm_25,N/A,N/A,1788518699028624.095	,1.600,0.000000,0
6,MatMul_65,N/A,N/A,1788518699028625.735	,6.620,0.150000,0
6,SplitV_13,N/A,N/A,1788518699028632.375	,1.160,0.130000,0
6,ApplyRotaryPosEmb_13,N/A,N/A,1788518699028633.575	,2.740,0.000000,0
6,Scatter_26,N/A,N/A,1788518699028636.335	,1.220,0.010000,0
6,Scatter_27,N/A,N/A,1788518699028637.615	,4.400,0.030000,0
6,IncreFlashAttention_13,N/A,N/A,1788518699028642.975	,17.040,1.100000,0
6,MatMul_66,N/A,N/A,1788518699028661.115	,4.900,0.960000,0
6,InplaceAddRmsNorm_26,N/A,N/A,1788518699028666.055	,2.260,0.100000,0
6,MatMul_67,N/A,N/A,1788518699028668.335	,7.380,0.000000,0
6,MatMul_68,N/A,N/A,1788518699028675.735	,6.020,0.120000,0
6,Swish_13Mul_13,N/A,N/A,1788518699028681.795	,3.480,0.000000,0
6,MatMul_69,N/A,N/A,1788518699028685.295	,5.760,0.020000,0
6,InplaceAddRmsNorm_27,N/A,N/A,1788518699028691.115	,2.120,0.000000,0
6,MatMul_70,N/A,N/A,1788518699028693.255	,8.040,0.130000,0
6,SplitV_14,N/A,N/A,1788518699028701.315	,1.100,0.000000,0
6,ApplyRotaryPosEmb_14,N/A,N/A,1788518699028702.435	,4.060,0.150000,0
6,Scatter_28,N/A,N/A,1788518699028706.515	,1.900,0.000000,0
6,Scatter_29,N/A,N/A,1788518699028708.475	,4.700,0.100000,0
6,IncreFlashAttention_14,N/A,N/A,1788518699028714.175	,17.120,1.050000,0
6,MatMul_71,N/A,N/A,1788518699028732.355	,6.720,0.880000,0
6,InplaceAddRmsNorm_28,N/A,N/A,1788518699028739.115	,2.400,0.030000,0
6,MatMul_72,N/A,N/A,1788518699028741.535	,5.120,0.100000,0
6,MatMul_73,N/A,N/A,1788518699028746.695	,6.820,0.130000,0
6,Swish_14Mul_14,N/A,N/A,1788518699028753.535	,3.680,0.000000,0
6,MatMul_74,N/A,N/A,1788518699028757.235	,5.700,0.070000,0
6,InplaceAddRmsNorm_29,N/A,N/A,1788518699028763.015	,1.840,0.050000,0
6,MatMul_75,N/A,N/A,1788518699028764.875	,9.720,0.160000,0
6,SplitV_15,N/A,N/A,1788518699028774.615	,1.100,0.000000,0
6,ApplyRotaryPosEmb_15,N/A,N/A,1788518699028775.735	,2.800,0.150000,0
6,Scatter_30,N/A,N/A,1788518699028778.555	,2.000,0.000000,0
6,Scatter_31,N/A,N/A,1788518699028780.615	,3.960,0.000000,0
6,IncreFlashAttention_15,N/A,N/A,1788518699028786.055	,14.680,1.540000,0
6,MatMul_76,N/A,N/A,1788518699028801.775	,4.960,1.070000,0
6,InplaceAddRmsNorm_30,N/A,N/A,1788518699028806.755	,2.760,0.040000,0
6,MatMul_77,N/A,N/A,1788518699028809.535	,6.160,0.000000,0
6,MatMul_78,N/A,N/A,1788518699028815.715	,5.160,0.090000,0
6,Swish_15Mul_15,N/A,N/A,1788518699028820.895	,3.460,0.090000,0
6,MatMul_79,N/A,N/A,1788518699028824.375	,5.540,0.040000,0
6,InplaceAddRmsNorm_31,N/A,N/A,1788518699028829.995	,1.940,0.000000,0
6,MatMul_80,N/A,N/A,1788518699028831.955	,8.580,0.060000,0
6,SplitV_16,N/A,N/A,1788518699028840.575	,1.080,0.000000,0
6,ApplyRotaryPosEmb_16,N/A,N/A,1788518699028841.675	,2.640,0.170000,0
6,Scatter_32,N/A,N/A,1788518699028844.335	,3.760,0.000000,0
6,Scatter_33,N/A,N/A,1788518699028848.155	,3.280,0.240000,0
6,IncreFlashAttention_16,N/A,N/A,1788518699028852.475	,14.520,0.970000,0
6,MatMul_81,N/A,N/A,1788518699028868.195	,4.840,1.230000,0
6,InplaceAddRmsNorm_32,N/A,N/A,1788518699028873.055	,2.280,0.000000,0
6,MatMul_82,N/A,N/A,1788518699028875.375	,7.560,0.220000,0
6,MatMul_83,N/A,N/A,1788518699028882.955	,5.180,0.000000,0
6,Swish_16Mul_16,N/A,N/A,1788518699028888.155	,3.620,0.070000,0
6,MatMul_84,N/A,N/A,1788518699028891.795	,5.520,0.000000,0
6,InplaceAddRmsNorm_33,N/A,N/A,1788518699028897.375	,1.740,0.230000,0
6,MatMul_85,N/A,N/A,1788518699028899.135	,11.420,0.010000,0
6,SplitV_17,N/A,N/A,1788518699028910.575	,1.100,0.000000,0
6,ApplyRotaryPosEmb_17,N/A,N/A,1788518699028911.715	,4.940,0.150000,0
6,Scatter_34,N/A,N/A,1788518699028916.675	,1.580,0.060000,0
6,Scatter_35,N/A,N/A,1788518699028918.315	,3.100,0.000000,0
6,IncreFlashAttention_17,N/A,N/A,1788518699028922.435	,17.280,1.150000,0
6,MatMul_86,N/A,N/A,1788518699028940.635	,6.680,0.970000,0
6,InplaceAddRmsNorm_34,N/A,N/A,1788518699028947.335	,2.400,0.000000,0
6,MatMul_87,N/A,N/A,1788518699028949.755	,6.100,0.100000,0
6,MatMul_88,N/A,N/A,1788518699028955.895	,7.100,0.150000,0
6,Swish_17Mul_17,N/A,N/A,1788518699028963.035	,3.400,0.000000,0
6,MatMul_89,N/A,N/A,1788518699028966.455	,5.400,0.100000,0
6,InplaceAddRmsNorm_35,N/A,N/A,1788518699028971.875	,2.860,0.100000,0
6,MatMul_90,N/A,N/A,1788518699028974.755	,27.800,0.000000,0
6,GatherV2_2,N/A,N/A,1788518699029002.575	,10.380,0.000000,0
6,Cast_19,N/A,N/A,1788518699029012.975	,8.300,0.120000,0
6,ArgMaxV2,N/A,N/A,1788518699029021.315	,10.120,0.000000,0
6,ArgMaxV2_Output0CastAfter,N/A,N/A,1788518699029031.455	,0.940,0.130000,0
6,GatherV2_3,N/A,N/A,1788518699029032.415	,1.460,0.060000,0
