Device_id,kernel_name,kernel_type,stream_id,task_id,task_time(us),task_start(us),task_stop(us)
6,N/A,PROFILING_ENABLE,0,4,0.020,1785953640510372.795	,1785953640510372.815	
6,N/A,EVENT_RECORD,3,986,0.020,1785953640524923.895	,1785953640524923.915	
6,N/A,MEMCPY_ASYNC,3,987,2.520,1785953640525731.735	,1785953640525734.255	
6,UpdateModelParam,AI_VECTOR_CORE,3,988,5.500,1785953640525747.255	,1785953640525752.755	
6,N/A,PROFILER_TRACE_EX,3,989,0.000,1785953640525838.535	,1785953640525838.535	
6,N/A,MODEL_EXECUTE,3,990,5.560,1785953640525838.735	,1785953640525844.295	
6,te_gatherv2_d067fbabaa81e25832cc932602194081ed7fd80741e1163e90a10399d22d6160__kernel0,AI_VECTOR_CORE,6,0,14.000,1785953640525844.215	,1785953640525858.215	
6,N/A,NOTIFY_WAIT,3,991,1680.860,1785953640525855.655	,1785953640527536.515	
6,te_rmsnorm_495bf6eca8d3c4a46e9cd85c1f31387132b47a1c871cf6270e474109c1357a28__kernel0,AI_VECTOR_CORE,6,1,5.540,1785953640525858.255	,1785953640525863.795	
6,te_matmul_8b3306b24f57361e2a756293ea64a1342b18a16b177ad6fca4f83f7599a3ea0c__kernel0,AI_CORE,6,2,9.520,1785953640525863.835	,1785953640525873.355	
6,te_splitvd_d17965c7d7e8ef98e5c4a8c43fa07c60556f4deba7163560075b8d51d2e3b888__kernel0,AI_VECTOR_CORE,6,3,1.320,1785953640525873.375	,1785953640525874.695	
6,te_add_2eb04db1d54d7a15212bd44b1d37b3ecd9c751b3c20c97464d36440e64d59ccd__kernel0,AI_VECTOR_CORE,6,4,1.380,1785953640525874.715	,1785953640525876.095	
6,te_broadcastto_31d6a11de70ef7aaefb4432133b8a383c73d1f301d7483e5a3c3e69497fcc60d__kernel0,AI_VECTOR_CORE,6,5,1.220,1785953640525876.115	,1785953640525877.335	
6,te_cast_62368953e62d0f211d7fd1906affe4cac120befa439c957e78a88b143306e2a7__kernel0,AI_VECTOR_CORE,6,6,1.200,1785953640525877.355	,1785953640525878.555	
6,te_range_ced84fc62b7a0b28b34330aa6ab26a5df9ce579384058adf938b1ae8f25e3518__kernel0,AI_VECTOR_CORE,6,7,9.700,1785953640525878.575	,1785953640525888.275	
6,te_cast_b33561806139361f6242dd033a11c2a1a75f16a76571932bfc26673b498ab667__kernel0,AI_VECTOR_CORE,6,8,2.600,1785953640525888.295	,1785953640525890.895	
6,te_greater_645fbd8960057d25f1e75497e3d1b23634ea6c0c50406f8c2129d207ba45978a__kernel0,AI_VECTOR_CORE,6,9,3.640,1785953640525890.935	,1785953640525894.575	
6,te_scatter_226cddbe36c13c7aebd4a0af4bc042719ab78ce0f7965ec85f752da1566c91ec__kernel0,AI_VECTOR_CORE,6,10,1.300,1785953640525894.595	,1785953640525895.895	
6,te_broadcastto_a823b2959798ef7604d60472a6dae5e88c4052809868a2f65cb7f49800cbce2f__kernel0,AI_VECTOR_CORE,6,11,1.300,1785953640525895.915	,1785953640525897.215	
6,te_mul_d72c4b55c0b6aff757dba8cf842396e417b338f79e7bdc38e31f8eb3db635880__kernel0,AI_VECTOR_CORE,6,12,1.140,1785953640525897.255	,1785953640525898.395	
6,te_concatv2d_6ef2d5fa4913452019c68174ca369df5d4504fe581284e28d5f969b225617859__kernel0,AI_VECTOR_CORE,6,13,3.920,1785953640525898.435	,1785953640525902.355	
6,te_cos_22837cf154e5096bfc4e2a737faa2e7b11efb8ebd9ebc92fc789e4a7729de09e__kernel0,AI_VECTOR_CORE,6,14,1.900,1785953640525902.375	,1785953640525904.275	
6,te_fused_op_mul_cast_9e89437377c4abee7c565311e242beb8f80649dd5a426e6170ce2d3c5c0c8936__kernel0,AI_VECTOR_CORE,6,15,1.540,1785953640525904.295	,1785953640525905.835	
6,te_sin_b6e5b8223c5eaaf23c1ccd61b127f84479fea1e337f9c06e6c7de4dbf8810126__kernel0,AI_VECTOR_CORE,6,16,1.900,1785953640525905.855	,1785953640525907.755	
6,te_fused_op_mul_cast_9e89437377c4abee7c565311e242beb8f80649dd5a426e6170ce2d3c5c0c8936__kernel0,AI_VECTOR_CORE,6,17,1.380,1785953640525907.795	,1785953640525909.175	
6,te_range_947f5c554c284eec0b277d09e071dcd332003bd8c83fdbb74e30cc6bc058ce9e__kernel0,AI_VECTOR_CORE,6,18,8.900,1785953640525909.195	,1785953640525918.095	
6,te_cast_3d785d9a54db8e61336ee22276cf214858dde2a841c7ec6d8ddaa33af0251362__kernel0,AI_VECTOR_CORE,6,19,2.560,1785953640525918.115	,1785953640525920.675	
6,te_fused_op_add_floor_mod_equal_equal_e3acb1f3bffe77890caafb9a865c534f22fd4a65f93f1b1ec8c6478b22a1dcd3__kernel0,AI_VECTOR_CORE,6,20,4.000,1785953640525920.695	,1785953640525924.695	
6,te_splitvd_6817ab6eaea992250c288ec92256c28b307b9b5829994527107c0f699826a1db__kernel0,AI_VECTOR_CORE,6,21,3.900,1785953640525924.715	,1785953640525928.615	
6,te_gatherv2_87ce8aacc2efdf1d42baef346fae26c5af3c023063a8a529a956b349dd8f817c__kernel0,AI_VECTOR_CORE,6,22,1.380,1785953640525928.635	,1785953640525930.015	
6,te_gatherv2_87ce8aacc2efdf1d42baef346fae26c5af3c023063a8a529a956b349dd8f817c__kernel0,AI_VECTOR_CORE,6,23,1.100,1785953640525930.035	,1785953640525931.135	
6,te_gatherv2_4e80041f285f92e5f11955702804208cb08cb6905acd76a1bae3ad8e5e0e34f6__kernel0,AI_VECTOR_CORE,6,24,1.860,1785953640525931.155	,1785953640525933.015	
6,te_gatherv2_4e80041f285f92e5f11955702804208cb08cb6905acd76a1bae3ad8e5e0e34f6__kernel0,AI_VECTOR_CORE,6,25,1.860,1785953640525933.035	,1785953640525934.895	
6,te_gatherv2_4e80041f285f92e5f11955702804208cb08cb6905acd76a1bae3ad8e5e0e34f6__kernel0,AI_VECTOR_CORE,6,26,1.900,1785953640525934.915	,1785953640525936.815	
6,te_gatherv2_4e80041f285f92e5f11955702804208cb08cb6905acd76a1bae3ad8e5e0e34f6__kernel0,AI_VECTOR_CORE,6,27,1.760,1785953640525936.835	,1785953640525938.595	
6,te_splitvd_6817ab6eaea992250c288ec92256c28b307b9b5829994527107c0f699826a1db__kernel0,AI_VECTOR_CORE,6,28,3.800,1785953640525938.615	,1785953640525942.415	
6,te_gatherv2_87ce8aacc2efdf1d42baef346fae26c5af3c023063a8a529a956b349dd8f817c__kernel0,AI_VECTOR_CORE,6,29,1.320,1785953640525942.435	,1785953640525943.755	
6,te_gatherv2_87ce8aacc2efdf1d42baef346fae26c5af3c023063a8a529a956b349dd8f817c__kernel0,AI_VECTOR_CORE,6,30,1.240,1785953640525943.775	,1785953640525945.015	
6,te_gatherv2_4e80041f285f92e5f11955702804208cb08cb6905acd76a1bae3ad8e5e0e34f6__kernel0,AI_VECTOR_CORE,6,31,1.600,1785953640525945.035	,1785953640525946.635	
6,te_gatherv2_4e80041f285f92e5f11955702804208cb08cb6905acd76a1bae3ad8e5e0e34f6__kernel0,AI_VECTOR_CORE,6,32,1.840,1785953640525946.655	,1785953640525948.495	
6,te_gatherv2_4e80041f285f92e5f11955702804208cb08cb6905acd76a1bae3ad8e5e0e34f6__kernel0,AI_VECTOR_CORE,6,33,1.600,1785953640525948.535	,1785953640525950.135	
6,te_gatherv2_4e80041f285f92e5f11955702804208cb08cb6905acd76a1bae3ad8e5e0e34f6__kernel0,AI_VECTOR_CORE,6,34,1.900,1785953640525950.155	,1785953640525952.055	
6,te_concatv2d_e697cfae3057799e346a5f0feee79b0b584dfd9384b07c99e984dd0e6b962476__kernel0,AI_VECTOR_CORE,6,35,1.440,1785953640525952.075	,1785953640525953.515	
6,te_concatv2d_e697cfae3057799e346a5f0feee79b0b584dfd9384b07c99e984dd0e6b962476__kernel0,AI_VECTOR_CORE,6,36,1.560,1785953640525953.535	,1785953640525955.095	
6,te_applyrotaryposemb_d142cc98ab2a1283d0b176e197a8ed3001866bf12ff64f3cce53340ff1295250__kernel0,AI_VECTOR_CORE,6,37,3.980,1785953640525955.115	,1785953640525959.095	
6,te_scatter_226cddbe36c13c7aebd4a0af4bc042719ab78ce0f7965ec85f752da1566c91ec__kernel0,AI_VECTOR_CORE,6,38,1.260,1785953640525959.135	,1785953640525960.395	
6,te_fused_op_less_logical_and_logical_and_logical_not_logical_and_f72aac9601800b448b2115353da786f846c056c72d49264ca545be3f8a7f737a__kernel0,AI_VECTOR_CORE,6,39,3.080,1785953640525960.435	,1785953640525963.515	
6,te_broadcastto_fc1ad6a046bd0d71736b40ab3372a2c9137fbc41368cd6183c566ec01df3145f__kernel0,AI_VECTOR_CORE,6,40,6.200,1785953640525963.535	,1785953640525969.735	
6,te_maskedfill_61cef3867d651addc2a0810945485420ab901d6c4b3b7e0306b87db8eee46f4c__kernel0,AI_VECTOR_CORE,6,41,6.620,1785953640525969.755	,1785953640525976.375	
6,te_increflashattention_2914112daf2119d1a6ac422cf22e392b78d9700782ead7ab08aedf7e11e5e07a,MIX_AIC,6,42,34.020,1785953640525977.555	,1785953640526011.575	
6,te_matmul_a92d78a2a636f0ef9776f17dd0acd72f7ba1d30e82463bbb55edd5081230e838__kernel0,AI_CORE,6,43,7.540,1785953640526012.815	,1785953640526020.355	
6,te_inplaceaddrmsnorm_a883b051670cdb40aecf76240ba6a16cb95509b6a775ad8f61eb853cf6acb1f9__kernel0,AI_VECTOR_CORE,6,44,1.940,1785953640526020.375	,1785953640526022.315	
6,te_matmul_bac92edeeee5b874c1c665ecb93900a68beded56e576c8b8b4a54f95d341bdf0__kernel0,AI_CORE,6,45,10.060,1785953640526022.335	,1785953640526032.395	
6,te_matmul_bac92edeeee5b874c1c665ecb93900a68beded56e576c8b8b4a54f95d341bdf0__kernel0,AI_CORE,6,46,7.440,1785953640526032.415	,1785953640526039.855	
6,te_fused_op_swish_mul_6235946b44b6b3fc89fd62f02f7acc045d1373c83dbcb9f0004402584da8f7fa__kernel0,AI_VECTOR_CORE,6,47,1.720,1785953640526039.875	,1785953640526041.595	
6,te_matmul_d08950d81d2f88768302fcaea768c33589946bf5769be44a85bd2514a20364c9__kernel0,AI_CORE,6,48,9.360,1785953640526041.615	,1785953640526050.975	
6,te_inplaceaddrmsnorm_a883b051670cdb40aecf76240ba6a16cb95509b6a775ad8f61eb853cf6acb1f9__kernel0,AI_VECTOR_CORE,6,49,1.540,1785953640526051.015	,1785953640526052.555	
6,te_matmul_8b3306b24f57361e2a756293ea64a1342b18a16b177ad6fca4f83f7599a3ea0c__kernel0,AI_CORE,6,50,6.700,1785953640526052.575	,1785953640526059.275	
6,te_splitvd_d17965c7d7e8ef98e5c4a8c43fa07c60556f4deba7163560075b8d51d2e3b888__kernel0,AI_VECTOR_CORE,6,51,1.040,1785953640526059.295	,1785953640526060.335	
6,te_scatter_226cddbe36c13c7aebd4a0af4bc042719ab78ce0f7965ec85f752da1566c91ec__kernel0,AI_VECTOR_CORE,6,52,1.200,1785953640526060.355	,1785953640526061.555	
6,te_applyrotaryposemb_d142cc98ab2a1283d0b176e197a8ed3001866bf12ff64f3cce53340ff1295250__kernel0,AI_VECTOR_CORE,6,53,2.280,1785953640526061.595	,1785953640526063.875	
6,te_scatter_226cddbe36c13c7aebd4a0af4bc042719ab78ce0f7965ec85f752da1566c91ec__kernel0,AI_VECTOR_CORE,6,54,1.360,1785953640526063.895	,1785953640526065.255	
6,te_increflashattention_2914112daf2119d1a6ac422cf22e392b78d9700782ead7ab08aedf7e11e5e07a,MIX_AIC,6,55,21.720,1785953640526066.415	,1785953640526088.135	
6,te_matmul_a92d78a2a636f0ef9776f17dd0acd72f7ba1d30e82463bbb55edd5081230e838__kernel0,AI_CORE,6,56,8.320,1785953640526088.855	,1785953640526097.175	
6,te_inplaceaddrmsnorm_a883b051670cdb40aecf76240ba6a16cb95509b6a775ad8f61eb853cf6acb1f9__kernel0,AI_VECTOR_CORE,6,57,1.640,1785953640526097.195	,1785953640526098.835	
6,te_matmul_bac92edeeee5b874c1c665ecb93900a68beded56e576c8b8b4a54f95d341bdf0__kernel0,AI_CORE,6,58,8.340,1785953640526098.855	,1785953640526107.195	
6,te_matmul_bac92edeeee5b874c1c665ecb93900a68beded56e576c8b8b4a54f95d341bdf0__kernel0,AI_CORE,6,59,6.540,1785953640526107.235	,1785953640526113.775	
6,te_fused_op_swish_mul_6235946b44b6b3fc89fd62f02f7acc045d1373c83dbcb9f0004402584da8f7fa__kernel0,AI_VECTOR_CORE,6,60,1.640,1785953640526113.795	,1785953640526115.435	
6,te_matmul_d08950d81d2f88768302fcaea768c33589946bf5769be44a85bd2514a20364c9__kernel0,AI_CORE,6,61,9.660,1785953640526115.455	,1785953640526125.115	
6,te_inplaceaddrmsnorm_a883b051670cdb40aecf76240ba6a16cb95509b6a775ad8f61eb853cf6acb1f9__kernel0,AI_VECTOR_CORE,6,62,1.540,1785953640526125.135	,1785953640526126.675	
6,te_matmul_8b3306b24f57361e2a756293ea64a1342b18a16b177ad6fca4f83f7599a3ea0c__kernel0,AI_CORE,6,63,7.720,1785953640526126.695	,1785953640526134.415	
6,te_splitvd_d17965c7d7e8ef98e5c4a8c43fa07c60556f4deba7163560075b8d51d2e3b888__kernel0,AI_VECTOR_CORE,6,64,0.980,1785953640526134.435	,1785953640526135.415	
6,te_scatter_226cddbe36c13c7aebd4a0af4bc042719ab78ce0f7965ec85f752da1566c91ec__kernel0,AI_VECTOR_CORE,6,65,1.200,1785953640526135.435	,1785953640526136.635	
6,te_applyrotaryposemb_d142cc98ab2a1283d0b176e197a8ed3001866bf12ff64f3cce53340ff1295250__kernel0,AI_VECTOR_CORE,6,66,2.220,1785953640526136.655	,1785953640526138.875	
6,te_scatter_226cddbe36c13c7aebd4a0af4bc042719ab78ce0f7965ec85f752da1566c91ec__kernel0,AI_VECTOR_CORE,6,67,1.260,1785953640526138.915	,1785953640526140.175	
6,te_increflashattention_2914112daf2119d1a6ac422cf22e392b78d9700782ead7ab08aedf7e11e5e07a,MIX_AIC,6,68,19.560,1785953640526141.315	,1785953640526160.875	
6,te_matmul_a92d78a2a636f0ef9776f17dd0acd72f7ba1d30e82463bbb55edd5081230e838__kernel0,AI_CORE,6,69,5.960,1785953640526161.955	,1785953640526167.915	
6,te_inplaceaddrmsnorm_a883b051670cdb40aecf76240ba6a16cb95509b6a775ad8f61eb853cf6acb1f9__kernel0,AI_VECTOR_CORE,6,70,1.540,1785953640526167.935	,1785953640526169.475	
6,te_matmul_bac92edeeee5b874c1c665ecb93900a68beded56e576c8b8b4a54f95d341bdf0__kernel0,AI_CORE,6,71,9.220,1785953640526169.495	,1785953640526178.715	
6,te_matmul_bac92edeeee5b874c1c665ecb93900a68beded56e576c8b8b4a54f95d341bdf0__kernel0,AI_CORE,6,72,8.500,1785953640526178.735	,1785953640526187.235	
6,te_fused_op_swish_mul_6235946b44b6b3fc89fd62f02f7acc045d1373c83dbcb9f0004402584da8f7fa__kernel0,AI_VECTOR_CORE,6,73,1.500,1785953640526187.255	,1785953640526188.755	
6,te_matmul_d08950d81d2f88768302fcaea768c33589946bf5769be44a85bd2514a20364c9__kernel0,AI_CORE,6,74,9.300,1785953640526188.775	,1785953640526198.075	
6,te_inplaceaddrmsnorm_a883b051670cdb40aecf76240ba6a16cb95509b6a775ad8f61eb853cf6acb1f9__kernel0,AI_VECTOR_CORE,6,75,1.620,1785953640526198.115	,1785953640526199.735	
6,te_matmul_8b3306b24f57361e2a756293ea64a1342b18a16b177ad6fca4f83f7599a3ea0c__kernel0,AI_CORE,6,76,7.760,1785953640526199.775	,1785953640526207.535	
6,te_splitvd_d17965c7d7e8ef98e5c4a8c43fa07c60556f4deba7163560075b8d51d2e3b888__kernel0,AI_VECTOR_CORE,6,77,1.020,1785953640526207.555	,1785953640526208.575	
6,te_scatter_226cddbe36c13c7aebd4a0af4bc042719ab78ce0f7965ec85f752da1566c91ec__kernel0,AI_VECTOR_CORE,6,78,1.160,1785953640526208.615	,1785953640526209.775	
6,te_applyrotaryposemb_d142cc98ab2a1283d0b176e197a8ed3001866bf12ff64f3cce53340ff1295250__kernel0,AI_VECTOR_CORE,6,79,2.240,1785953640526209.795	,1785953640526212.035	
6,te_scatter_226cddbe36c13c7aebd4a0af4bc042719ab78ce0f7965ec85f752da1566c91ec__kernel0,AI_VECTOR_CORE,6,80,1.300,1785953640526212.075	,1785953640526213.375	
6,te_increflashattention_2914112daf2119d1a6ac422cf22e392b78d9700782ead7ab08aedf7e11e5e07a,MIX_AIC,6,81,20.080,1785953640526214.435	,1785953640526234.515	
6,te_matmul_a92d78a2a636f0ef9776f17dd0acd72f7ba1d30e82463bbb55edd5081230e838__kernel0,AI_CORE,6,82,5.640,1785953640526235.655	,1785953640526241.295	
6,te_inplaceaddrmsnorm_a883b051670cdb40aecf76240ba6a16cb95509b6a775ad8f61eb853cf6acb1f9__kernel0,AI_VECTOR_CORE,6,83,1.620,1785953640526241.315	,1785953640526242.935	
6,te_matmul_bac92edeeee5b874c1c665ecb93900a68beded56e576c8b8b4a54f95d341bdf0__kernel0,AI_CORE,6,84,9.660,1785953640526242.955	,1785953640526252.615	
6,te_matmul_bac92edeeee5b874c1c665ecb93900a68beded56e576c8b8b4a54f95d341bdf0__kernel0,AI_CORE,6,85,7.220,1785953640526252.635	,1785953640526259.855	
6,te_fused_op_swish_mul_6235946b44b6b3fc89fd62f02f7acc045d1373c83dbcb9f0004402584da8f7fa__kernel0,AI_VECTOR_CORE,6,86,1.640,1785953640526259.875	,1785953640526261.515	
6,te_matmul_d08950d81d2f88768302fcaea768c33589946bf5769be44a85bd2514a20364c9__kernel0,AI_CORE,6,87,10.240,1785953640526261.555	,1785953640526271.795	
6,te_inplaceaddrmsnorm_a883b051670cdb40aecf76240ba6a16cb95509b6a775ad8f61eb853cf6acb1f9__kernel0,AI_VECTOR_CORE,6,88,1.560,1785953640526271.815	,1785953640526273.375	
6,te_matmul_8b3306b24f57361e2a756293ea64a1342b18a16b177ad6fca4f83f7599a3ea0c__kernel0,AI_CORE,6,89,8.880,1785953640526273.395	,1785953640526282.275	
6,te_splitvd_d17965c7d7e8ef98e5c4a8c43fa07c60556f4deba7163560075b8d51d2e3b888__kernel0,AI_VECTOR_CORE,6,90,1.060,1785953640526282.295	,1785953640526283.355	
6,te_scatter_226cddbe36c13c7aebd4a0af4bc042719ab78ce0f7965ec85f752da1566c91ec__kernel0,AI_VECTOR_CORE,6,91,1.320,1785953640526283.375	,1785953640526284.695	
6,te_applyrotaryposemb_d142cc98ab2a1283d0b176e197a8ed3001866bf12ff64f3cce53340ff1295250__kernel0,AI_VECTOR_CORE,6,92,2.240,1785953640526284.715	,1785953640526286.955	
6,te_scatter_226cddbe36c13c7aebd4a0af4bc042719ab78ce0f7965ec85f752da1566c91ec__kernel0,AI_VECTOR_CORE,6,93,1.180,1785953640526286.975	,1785953640526288.155	
6,te_increflashattention_2914112daf2119d1a6ac422cf22e392b78d9700782ead7ab08aedf7e11e5e07a,MIX_AIC,6,94,22.400,1785953640526289.275	,1785953640526311.675	
6,te_matmul_a92d78a2a636f0ef9776f17dd0acd72f7ba1d30e82463bbb55edd5081230e838__kernel0,AI_CORE,6,95,5.820,1785953640526312.335	,1785953640526318.155	
6,te_inplaceaddrmsnorm_a883b051670cdb40aecf76240ba6a16cb95509b6a775ad8f61eb853cf6acb1f9__kernel0,AI_VECTOR_CORE,6,96,1.660,1785953640526318.175	,1785953640526319.835	
6,te_matmul_bac92edeeee5b874c1c665ecb93900a68beded56e576c8b8b4a54f95d341bdf0__kernel0,AI_CORE,6,97,9.840,1785953640526319.875	,1785953640526329.715	
6,te_matmul_bac92edeeee5b874c1c665ecb93900a68beded56e576c8b8b4a54f95d341bdf0__kernel0,AI_CORE,6,98,7.180,1785953640526329.735	,1785953640526336.915	
6,te_fused_op_swish_mul_6235946b44b6b3fc89fd62f02f7acc045d1373c83dbcb9f0004402584da8f7fa__kernel0,AI_VECTOR_CORE,6,99,1.580,1785953640526336.955	,1785953640526338.535	
6,te_matmul_d08950d81d2f88768302fcaea768c33589946bf5769be44a85bd2514a20364c9__kernel0,AI_CORE,6,100,8.620,1785953640526338.555	,1785953640526347.175	
6,te_inplaceaddrmsnorm_a883b051670cdb40aecf76240ba6a16cb95509b6a775ad8f61eb853cf6acb1f9__kernel0,AI_VECTOR_CORE,6,101,1.480,1785953640526347.195	,1785953640526348.675	
6,te_matmul_8b3306b24f57361e2a756293ea64a1342b18a16b177ad6fca4f83f7599a3ea0c__kernel0,AI_CORE,6,102,7.520,1785953640526348.715	,1785953640526356.235	
6,te_splitvd_d17965c7d7e8ef98e5c4a8c43fa07c60556f4deba7163560075b8d51d2e3b888__kernel0,AI_VECTOR_CORE,6,103,1.040,1785953640526356.255	,1785953640526357.295	
6,te_scatter_226cddbe36c13c7aebd4a0af4bc042719ab78ce0f7965ec85f752da1566c91ec__kernel0,AI_VECTOR_CORE,6,104,1.240,1785953640526357.335	,1785953640526358.575	
6,te_applyrotaryposemb_d142cc98ab2a1283d0b176e197a8ed3001866bf12ff64f3cce53340ff1295250__kernel0,AI_VECTOR_CORE,6,105,2.280,1785953640526358.595	,1785953640526360.875	
6,te_scatter_226cddbe36c13c7aebd4a0af4bc042719ab78ce0f7965ec85f752da1566c91ec__kernel0,AI_VECTOR_CORE,6,106,1.220,1785953640526360.895	,1785953640526362.115	
6,te_increflashattention_2914112daf2119d1a6ac422cf22e392b78d9700782ead7ab08aedf7e11e5e07a,MIX_AIC,6,107,21.260,1785953640526363.535	,1785953640526384.795	
6,te_matmul_a92d78a2a636f0ef9776f17dd0acd72f7ba1d30e82463bbb55edd5081230e838__kernel0,AI_CORE,6,108,7.560,1785953640526385.995	,1785953640526393.555	
6,te_inplaceaddrmsnorm_a883b051670cdb40aecf76240ba6a16cb95509b6a775ad8f61eb853cf6acb1f9__kernel0,AI_VECTOR_CORE,6,109,1.580,1785953640526393.575	,1785953640526395.155	
6,te_matmul_bac92edeeee5b874c1c665ecb93900a68beded56e576c8b8b4a54f95d341bdf0__kernel0,AI_CORE,6,110,9.620,1785953640526395.195	,1785953640526404.815	
6,te_matmul_bac92edeeee5b874c1c665ecb93900a68beded56e576c8b8b4a54f95d341bdf0__kernel0,AI_CORE,6,111,7.320,1785953640526404.835	,1785953640526412.155	
6,te_fused_op_swish_mul_6235946b44b6b3fc89fd62f02f7acc045d1373c83dbcb9f0004402584da8f7fa__kernel0,AI_VECTOR_CORE,6,112,1.660,1785953640526412.175	,1785953640526413.835	
6,te_matmul_d08950d81d2f88768302fcaea768c33589946bf5769be44a85bd2514a20364c9__kernel0,AI_CORE,6,113,10.600,1785953640526413.855	,1785953640526424.455	
6,te_inplaceaddrmsnorm_a883b051670cdb40aecf76240ba6a16cb95509b6a775ad8f61eb853cf6acb1f9__kernel0,AI_VECTOR_CORE,6,114,1.560,1785953640526424.475	,1785953640526426.035	
6,te_matmul_8b3306b24f57361e2a756293ea64a1342b18a16b177ad6fca4f83f7599a3ea0c__kernel0,AI_CORE,6,115,9.220,1785953640526426.055	,1785953640526435.275	
6,te_splitvd_d17965c7d7e8ef98e5c4a8c43fa07c60556f4deba7163560075b8d51d2e3b888__kernel0,AI_VECTOR_CORE,6,116,2.820,1785953640526435.295	,1785953640526438.115	
6,te_scatter_226cddbe36c13c7aebd4a0af4bc042719ab78ce0f7965ec85f752da1566c91ec__kernel0,AI_VECTOR_CORE,6,117,2.580,1785953640526438.135	,1785953640526440.715	
6,te_applyrotaryposemb_d142cc98ab2a1283d0b176e197a8ed3001866bf12ff64f3cce53340ff1295250__kernel0,AI_VECTOR_CORE,6,118,3.180,1785953640526440.755	,1785953640526443.935	
6,te_scatter_226cddbe36c13c7aebd4a0af4bc042719ab78ce0f7965ec85f752da1566c91ec__kernel0,AI_VECTOR_CORE,6,119,1.940,1785953640526443.955	,1785953640526445.895	
6,te_increflashattention_2914112daf2119d1a6ac422cf22e392b78d9700782ead7ab08aedf7e11e5e07a,MIX_AIC,6,120,23.100,1785953640526447.315	,1785953640526470.415	
6,te_matmul_a92d78a2a636f0ef9776f17dd0acd72f7ba1d30e82463bbb55edd5081230e838__kernel0,AI_CORE,6,121,6.380,1785953640526471.595	,1785953640526477.975	
6,te_inplaceaddrmsnorm_a883b051670cdb40aecf76240ba6a16cb95509b6a775ad8f61eb853cf6acb1f9__kernel0,AI_VECTOR_CORE,6,122,1.980,1785953640526478.015	,1785953640526479.995	
6,te_matmul_bac92edeeee5b874c1c665ecb93900a68beded56e576c8b8b4a54f95d341bdf0__kernel0,AI_CORE,6,123,9.460,1785953640526480.035	,1785953640526489.495	
6,te_matmul_bac92edeeee5b874c1c665ecb93900a68beded56e576c8b8b4a54f95d341bdf0__kernel0,AI_CORE,6,124,7.500,1785953640526489.515	,1785953640526497.015	
6,te_fused_op_swish_mul_6235946b44b6b3fc89fd62f02f7acc045d1373c83dbcb9f0004402584da8f7fa__kernel0,AI_VECTOR_CORE,6,125,1.700,1785953640526497.055	,1785953640526498.755	
6,te_matmul_d08950d81d2f88768302fcaea768c33589946bf5769be44a85bd2514a20364c9__kernel0,AI_CORE,6,126,9.860,1785953640526498.775	,1785953640526508.635	
6,te_inplaceaddrmsnorm_a883b051670cdb40aecf76240ba6a16cb95509b6a775ad8f61eb853cf6acb1f9__kernel0,AI_VECTOR_CORE,6,127,1.740,1785953640526508.675	,1785953640526510.415	
6,te_matmul_8b3306b24f57361e2a756293ea64a1342b18a16b177ad6fca4f83f7599a3ea0c__kernel0,AI_CORE,6,128,8.960,1785953640526510.435	,1785953640526519.395	
6,te_splitvd_d17965c7d7e8ef98e5c4a8c43fa07c60556f4deba7163560075b8d51d2e3b888__kernel0,AI_VECTOR_CORE,6,129,1.560,1785953640526519.435	,1785953640526520.995	
6,te_scatter_226cddbe36c13c7aebd4a0af4bc042719ab78ce0f7965ec85f752da1566c91ec__kernel0,AI_VECTOR_CORE,6,130,2.660,1785953640526521.035	,1785953640526523.695	
6,te_applyrotaryposemb_d142cc98ab2a1283d0b176e197a8ed3001866bf12ff64f3cce53340ff1295250__kernel0,AI_VECTOR_CORE,6,131,3.740,1785953640526523.715	,1785953640526527.455	
6,te_scatter_226cddbe36c13c7aebd4a0af4bc042719ab78ce0f7965ec85f752da1566c91ec__kernel0,AI_VECTOR_CORE,6,132,2.220,1785953640526527.495	,1785953640526529.715	
6,te_increflashattention_2914112daf2119d1a6ac422cf22e392b78d9700782ead7ab08aedf7e11e5e07a,MIX_AIC,6,133,21.960,1785953640526531.175	,1785953640526553.135	
6,te_matmul_a92d78a2a636f0ef9776f17dd0acd72f7ba1d30e82463bbb55edd5081230e838__kernel0,AI_CORE,6,134,6.540,1785953640526554.255	,1785953640526560.795	
6,te_inplaceaddrmsnorm_a883b051670cdb40aecf76240ba6a16cb95509b6a775ad8f61eb853cf6acb1f9__kernel0,AI_VECTOR_CORE,6,135,1.860,1785953640526560.815	,1785953640526562.675	
6,te_matmul_bac92edeeee5b874c1c665ecb93900a68beded56e576c8b8b4a54f95d341bdf0__kernel0,AI_CORE,6,136,9.880,1785953640526562.695	,1785953640526572.575	
6,te_matmul_bac92edeeee5b874c1c665ecb93900a68beded56e576c8b8b4a54f95d341bdf0__kernel0,AI_CORE,6,137,7.860,1785953640526572.595	,1785953640526580.455	
6,te_fused_op_swish_mul_6235946b44b6b3fc89fd62f02f7acc045d1373c83dbcb9f0004402584da8f7fa__kernel0,AI_VECTOR_CORE,6,138,2.240,1785953640526580.495	,1785953640526582.735	
6,te_matmul_d08950d81d2f88768302fcaea768c33589946bf5769be44a85bd2514a20364c9__kernel0,AI_CORE,6,139,10.520,1785953640526582.755	,1785953640526593.275	
6,te_inplaceaddrmsnorm_a883b051670cdb40aecf76240ba6a16cb95509b6a775ad8f61eb853cf6acb1f9__kernel0,AI_VECTOR_CORE,6,140,1.760,1785953640526593.315	,1785953640526595.075	
6,te_matmul_8b3306b24f57361e2a756293ea64a1342b18a16b177ad6fca4f83f7599a3ea0c__kernel0,AI_CORE,6,141,8.900,1785953640526595.095	,1785953640526603.995	
6,te_splitvd_d17965c7d7e8ef98e5c4a8c43fa07c60556f4deba7163560075b8d51d2e3b888__kernel0,AI_VECTOR_CORE,6,142,1.640,1785953640526604.015	,1785953640526605.655	
6,te_scatter_226cddbe36c13c7aebd4a0af4bc042719ab78ce0f7965ec85f752da1566c91ec__kernel0,AI_VECTOR_CORE,6,143,2.060,1785953640526605.675	,1785953640526607.735	
6,te_applyrotaryposemb_d142cc98ab2a1283d0b176e197a8ed3001866bf12ff64f3cce53340ff1295250__kernel0,AI_VECTOR_CORE,6,144,2.320,1785953640526607.755	,1785953640526610.075	
6,te_scatter_226cddbe36c13c7aebd4a0af4bc042719ab78ce0f7965ec85f752da1566c91ec__kernel0,AI_VECTOR_CORE,6,145,1.960,1785953640526610.095	,1785953640526612.055	
6,te_increflashattention_2914112daf2119d1a6ac422cf22e392b78d9700782ead7ab08aedf7e11e5e07a,MIX_AIC,6,146,20.480,1785953640526613.295	,1785953640526633.775	
6,te_matmul_a92d78a2a636f0ef9776f17dd0acd72f7ba1d30e82463bbb55edd5081230e838__kernel0,AI_CORE,6,147,5.560,1785953640526634.535	,1785953640526640.095	
6,te_inplaceaddrmsnorm_a883b051670cdb40aecf76240ba6a16cb95509b6a775ad8f61eb853cf6acb1f9__kernel0,AI_VECTOR_CORE,6,148,2.300,1785953640526640.115	,1785953640526642.415	
6,te_matmul_bac92edeeee5b874c1c665ecb93900a68beded56e576c8b8b4a54f95d341bdf0__kernel0,AI_CORE,6,149,9.400,1785953640526642.435	,1785953640526651.835	
6,te_matmul_bac92edeeee5b874c1c665ecb93900a68beded56e576c8b8b4a54f95d341bdf0__kernel0,AI_CORE,6,150,7.300,1785953640526651.875	,1785953640526659.175	
6,te_fused_op_swish_mul_6235946b44b6b3fc89fd62f02f7acc045d1373c83dbcb9f0004402584da8f7fa__kernel0,AI_VECTOR_CORE,6,151,1.900,1785953640526659.195	,1785953640526661.095	
6,te_matmul_d08950d81d2f88768302fcaea768c33589946bf5769be44a85bd2514a20364c9__kernel0,AI_CORE,6,152,9.800,1785953640526661.115	,1785953640526670.915	
6,te_inplaceaddrmsnorm_a883b051670cdb40aecf76240ba6a16cb95509b6a775ad8f61eb853cf6acb1f9__kernel0,AI_VECTOR_CORE,6,153,1.880,1785953640526670.955	,1785953640526672.835	
6,te_matmul_8b3306b24f57361e2a756293ea64a1342b18a16b177ad6fca4f83f7599a3ea0c__kernel0,AI_CORE,6,154,7.540,1785953640526672.855	,1785953640526680.395	
6,te_splitvd_d17965c7d7e8ef98e5c4a8c43fa07c60556f4deba7163560075b8d51d2e3b888__kernel0,AI_VECTOR_CORE,6,155,1.120,1785953640526680.435	,1785953640526681.555	
6,te_scatter_226cddbe36c13c7aebd4a0af4bc042719ab78ce0f7965ec85f752da1566c91ec__kernel0,AI_VECTOR_CORE,6,156,1.680,1785953640526681.595	,1785953640526683.275	
6,te_applyrotaryposemb_d142cc98ab2a1283d0b176e197a8ed3001866bf12ff64f3cce53340ff1295250__kernel0,AI_VECTOR_CORE,6,157,2.720,1785953640526683.295	,1785953640526686.015	
6,te_scatter_226cddbe36c13c7aebd4a0af4bc042719ab78ce0f7965ec85f752da1566c91ec__kernel0,AI_VECTOR_CORE,6,158,1.980,1785953640526686.035	,1785953640526688.015	
6,te_increflashattention_2914112daf2119d1a6ac422cf22e392b78d9700782ead7ab08aedf7e11e5e07a,MIX_AIC,6,159,22.280,1785953640526689.375	,1785953640526711.655	
6,te_matmul_a92d78a2a636f0ef9776f17dd0acd72f7ba1d30e82463bbb55edd5081230e838__kernel0,AI_CORE,6,160,6.280,1785953640526712.435	,1785953640526718.715	
6,te_inplaceaddrmsnorm_a883b051670cdb40aecf76240ba6a16cb95509b6a775ad8f61eb853cf6acb1f9__kernel0,AI_VECTOR_CORE,6,161,1.640,1785953640526718.735	,1785953640526720.375	
6,te_matmul_bac92edeeee5b874c1c665ecb93900a68beded56e576c8b8b4a54f95d341bdf0__kernel0,AI_CORE,6,162,8.720,1785953640526720.395	,1785953640526729.115	
6,te_matmul_bac92edeeee5b874c1c665ecb93900a68beded56e576c8b8b4a54f95d341bdf0__kernel0,AI_CORE,6,163,8.460,1785953640526729.135	,1785953640526737.595	
6,te_fused_op_swish_mul_6235946b44b6b3fc89fd62f02f7acc045d1373c83dbcb9f0004402584da8f7fa__kernel0,AI_VECTOR_CORE,6,164,1.680,1785953640526737.615	,1785953640526739.295	
6,te_matmul_d08950d81d2f88768302fcaea768c33589946bf5769be44a85bd2514a20364c9__kernel0,AI_CORE,6,165,11.640,1785953640526739.315	,1785953640526750.955	
6,te_inplaceaddrmsnorm_a883b051670cdb40aecf76240ba6a16cb95509b6a775ad8f61eb853cf6acb1f9__kernel0,AI_VECTOR_CORE,6,166,1.800,1785953640526750.975	,1785953640526752.775	
6,te_matmul_8b3306b24f57361e2a756293ea64a1342b18a16b177ad6fca4f83f7599a3ea0c__kernel0,AI_CORE,6,167,9.180,1785953640526752.795	,1785953640526761.975	
6,te_splitvd_d17965c7d7e8ef98e5c4a8c43fa07c60556f4deba7163560075b8d51d2e3b888__kernel0,AI_VECTOR_CORE,6,168,1.020,1785953640526761.995	,1785953640526763.015	
6,te_scatter_226cddbe36c13c7aebd4a0af4bc042719ab78ce0f7965ec85f752da1566c91ec__kernel0,AI_VECTOR_CORE,6,169,1.860,1785953640526763.055	,1785953640526764.915	
6,te_applyrotaryposemb_d142cc98ab2a1283d0b176e197a8ed3001866bf12ff64f3cce53340ff1295250__kernel0,AI_VECTOR_CORE,6,170,2.380,1785953640526764.955	,1785953640526767.335	
6,te_scatter_226cddbe36c13c7aebd4a0af4bc042719ab78ce0f7965ec85f752da1566c91ec__kernel0,AI_VECTOR_CORE,6,171,1.140,1785953640526767.375	,1785953640526768.515	
6,te_increflashattention_2914112daf2119d1a6ac422cf22e392b78d9700782ead7ab08aedf7e11e5e07a,MIX_AIC,6,172,20.160,1785953640526769.615	,1785953640526789.775	
6,te_matmul_a92d78a2a636f0ef9776f17dd0acd72f7ba1d30e82463bbb55edd5081230e838__kernel0,AI_CORE,6,173,6.500,1785953640526790.835	,1785953640526797.335	
6,te_inplaceaddrmsnorm_a883b051670cdb40aecf76240ba6a16cb95509b6a775ad8f61eb853cf6acb1f9__kernel0,AI_VECTOR_CORE,6,174,1.620,1785953640526797.355	,1785953640526798.975	
6,te_matmul_bac92edeeee5b874c1c665ecb93900a68beded56e576c8b8b4a54f95d341bdf0__kernel0,AI_CORE,6,175,8.460,1785953640526798.995	,1785953640526807.455	
6,te_matmul_bac92edeeee5b874c1c665ecb93900a68beded56e576c8b8b4a54f95d341bdf0__kernel0,AI_CORE,6,176,9.020,1785953640526807.475	,1785953640526816.495	
6,te_fused_op_swish_mul_6235946b44b6b3fc89fd62f02f7acc045d1373c83dbcb9f0004402584da8f7fa__kernel0,AI_VECTOR_CORE,6,177,1.520,1785953640526816.535	,1785953640526818.055	
6,te_matmul_d08950d81d2f88768302fcaea768c33589946bf5769be44a85bd2514a20364c9__kernel0,AI_CORE,6,178,10.780,1785953640526818.075	,1785953640526828.855	
6,te_inplaceaddrmsnorm_a883b051670cdb40aecf76240ba6a16cb95509b6a775ad8f61eb853cf6acb1f9__kernel0,AI_VECTOR_CORE,6,179,1.460,1785953640526828.875	,1785953640526830.335	
6,te_matmul_8b3306b24f57361e2a756293ea64a1342b18a16b177ad6fca4f83f7599a3ea0c__kernel0,AI_CORE,6,180,7.960,1785953640526830.355	,1785953640526838.315	
6,te_splitvd_d17965c7d7e8ef98e5c4a8c43fa07c60556f4deba7163560075b8d51d2e3b888__kernel0,AI_VECTOR_CORE,6,181,1.000,1785953640526838.335	,1785953640526839.335	
6,te_scatter_226cddbe36c13c7aebd4a0af4bc042719ab78ce0f7965ec85f752da1566c91ec__kernel0,AI_VECTOR_CORE,6,182,1.600,1785953640526839.355	,1785953640526840.955	
6,te_applyrotaryposemb_d142cc98ab2a1283d0b176e197a8ed3001866bf12ff64f3cce53340ff1295250__kernel0,AI_VECTOR_CORE,6,183,2.420,1785953640526840.975	,1785953640526843.395	
6,te_scatter_226cddbe36c13c7aebd4a0af4bc042719ab78ce0f7965ec85f752da1566c91ec__kernel0,AI_VECTOR_CORE,6,184,1.420,1785953640526843.435	,1785953640526844.855	
6,te_increflashattention_2914112daf2119d1a6ac422cf22e392b78d9700782ead7ab08aedf7e11e5e07a,MIX_AIC,6,185,21.680,1785953640526846.255	,1785953640526867.935	
6,te_matmul_a92d78a2a636f0ef9776f17dd0acd72f7ba1d30e82463bbb55edd5081230e838__kernel0,AI_CORE,6,186,7.720,1785953640526868.715	,1785953640526876.435	
6,te_inplaceaddrmsnorm_a883b051670cdb40aecf76240ba6a16cb95509b6a775ad8f61eb853cf6acb1f9__kernel0,AI_VECTOR_CORE,6,187,1.540,1785953640526876.455	,1785953640526877.995	
6,te_matmul_bac92edeeee5b874c1c665ecb93900a68beded56e576c8b8b4a54f95d341bdf0__kernel0,AI_CORE,6,188,8.520,1785953640526878.015	,1785953640526886.535	
6,te_matmul_bac92edeeee5b874c1c665ecb93900a68beded56e576c8b8b4a54f95d341bdf0__kernel0,AI_CORE,6,189,6.860,1785953640526886.555	,1785953640526893.415	
6,te_fused_op_swish_mul_6235946b44b6b3fc89fd62f02f7acc045d1373c83dbcb9f0004402584da8f7fa__kernel0,AI_VECTOR_CORE,6,190,1.740,1785953640526893.435	,1785953640526895.175	
6,te_matmul_d08950d81d2f88768302fcaea768c33589946bf5769be44a85bd2514a20364c9__kernel0,AI_CORE,6,191,10.220,1785953640526895.195	,1785953640526905.415	
6,te_inplaceaddrmsnorm_a883b051670cdb40aecf76240ba6a16cb95509b6a775ad8f61eb853cf6acb1f9__kernel0,AI_VECTOR_CORE,6,192,1.500,1785953640526905.435	,1785953640526906.935	
6,te_matmul_8b3306b24f57361e2a756293ea64a1342b18a16b177ad6fca4f83f7599a3ea0c__kernel0,AI_CORE,6,193,9.020,1785953640526906.975	,1785953640526915.995	
6,te_splitvd_d17965c7d7e8ef98e5c4a8c43fa07c60556f4deba7163560075b8d51d2e3b888__kernel0,AI_VECTOR_CORE,6,194,1.100,1785953640526916.015	,1785953640526917.115	
6,te_scatter_226cddbe36c13c7aebd4a0af4bc042719ab78ce0f7965ec85f752da1566c91ec__kernel0,AI_VECTOR_CORE,6,195,1.540,1785953640526917.135	,1785953640526918.675	
6,te_applyrotaryposemb_d142cc98ab2a1283d0b176e197a8ed3001866bf12ff64f3cce53340ff1295250__kernel0,AI_VECTOR_CORE,6,196,2.320,1785953640526918.695	,1785953640526921.015	
6,te_scatter_226cddbe36c13c7aebd4a0af4bc042719ab78ce0f7965ec85f752da1566c91ec__kernel0,AI_VECTOR_CORE,6,197,1.080,1785953640526921.035	,1785953640526922.115	
6,te_increflashattention_2914112daf2119d1a6ac422cf22e392b78d9700782ead7ab08aedf7e11e5e07a,MIX_AIC,6,198,21.500,1785953640526923.595	,1785953640526945.095	
6,te_matmul_a92d78a2a636f0ef9776f17dd0acd72f7ba1d30e82463bbb55edd5081230e838__kernel0,AI_CORE,6,199,6.100,1785953640526946.035	,1785953640526952.135	
6,te_inplaceaddrmsnorm_a883b051670cdb40aecf76240ba6a16cb95509b6a775ad8f61eb853cf6acb1f9__kernel0,AI_VECTOR_CORE,6,200,1.620,1785953640526952.155	,1785953640526953.775	
6,te_matmul_bac92edeeee5b874c1c665ecb93900a68beded56e576c8b8b4a54f95d341bdf0__kernel0,AI_CORE,6,201,8.680,1785953640526953.795	,1785953640526962.475	
6,te_matmul_bac92edeeee5b874c1c665ecb93900a68beded56e576c8b8b4a54f95d341bdf0__kernel0,AI_CORE,6,202,8.540,1785953640526962.495	,1785953640526971.035	
6,te_fused_op_swish_mul_6235946b44b6b3fc89fd62f02f7acc045d1373c83dbcb9f0004402584da8f7fa__kernel0,AI_VECTOR_CORE,6,203,1.680,1785953640526971.055	,1785953640526972.735	
6,te_matmul_d08950d81d2f88768302fcaea768c33589946bf5769be44a85bd2514a20364c9__kernel0,AI_CORE,6,204,9.180,1785953640526972.755	,1785953640526981.935	
6,te_inplaceaddrmsnorm_a883b051670cdb40aecf76240ba6a16cb95509b6a775ad8f61eb853cf6acb1f9__kernel0,AI_VECTOR_CORE,6,205,1.640,1785953640526981.955	,1785953640526983.595	
6,te_matmul_8b3306b24f57361e2a756293ea64a1342b18a16b177ad6fca4f83f7599a3ea0c__kernel0,AI_CORE,6,206,8.600,1785953640526983.615	,1785953640526992.215	
6,te_splitvd_d17965c7d7e8ef98e5c4a8c43fa07c60556f4deba7163560075b8d51d2e3b888__kernel0,AI_VECTOR_CORE,6,207,1.180,1785953640526992.255	,1785953640526993.435	
6,te_scatter_226cddbe36c13c7aebd4a0af4bc042719ab78ce0f7965ec85f752da1566c91ec__kernel0,AI_VECTOR_CORE,6,208,1.760,1785953640526993.455	,1785953640526995.215	
6,te_applyrotaryposemb_d142cc98ab2a1283d0b176e197a8ed3001866bf12ff64f3cce53340ff1295250__kernel0,AI_VECTOR_CORE,6,209,3.360,1785953640526995.235	,1785953640526998.595	
6,te_scatter_226cddbe36c13c7aebd4a0af4bc042719ab78ce0f7965ec85f752da1566c91ec__kernel0,AI_VECTOR_CORE,6,210,1.360,1785953640526998.615	,1785953640526999.975	
6,te_increflashattention_2914112daf2119d1a6ac422cf22e392b78d9700782ead7ab08aedf7e11e5e07a,MIX_AIC,6,211,19.300,1785953640527001.415	,1785953640527020.715	
6,te_matmul_a92d78a2a636f0ef9776f17dd0acd72f7ba1d30e82463bbb55edd5081230e838__kernel0,AI_CORE,6,212,7.440,1785953640527021.435	,1785953640527028.875	
6,te_inplaceaddrmsnorm_a883b051670cdb40aecf76240ba6a16cb95509b6a775ad8f61eb853cf6acb1f9__kernel0,AI_VECTOR_CORE,6,213,1.660,1785953640527028.895	,1785953640527030.555	
6,te_matmul_bac92edeeee5b874c1c665ecb93900a68beded56e576c8b8b4a54f95d341bdf0__kernel0,AI_CORE,6,214,8.440,1785953640527030.575	,1785953640527039.015	
6,te_matmul_bac92edeeee5b874c1c665ecb93900a68beded56e576c8b8b4a54f95d341bdf0__kernel0,AI_CORE,6,215,7.300,1785953640527039.035	,1785953640527046.335	
6,te_fused_op_swish_mul_6235946b44b6b3fc89fd62f02f7acc045d1373c83dbcb9f0004402584da8f7fa__kernel0,AI_VECTOR_CORE,6,216,1.500,1785953640527046.355	,1785953640527047.855	
6,te_matmul_d08950d81d2f88768302fcaea768c33589946bf5769be44a85bd2514a20364c9__kernel0,AI_CORE,6,217,8.260,1785953640527047.895	,1785953640527056.155	
6,te_inplaceaddrmsnorm_a883b051670cdb40aecf76240ba6a16cb95509b6a775ad8f61eb853cf6acb1f9__kernel0,AI_VECTOR_CORE,6,218,1.500,1785953640527056.175	,1785953640527057.675	
6,te_matmul_8b3306b24f57361e2a756293ea64a1342b18a16b177ad6fca4f83f7599a3ea0c__kernel0,AI_CORE,6,219,7.600,1785953640527057.695	,1785953640527065.295	
6,te_splitvd_d17965c7d7e8ef98e5c4a8c43fa07c60556f4deba7163560075b8d51d2e3b888__kernel0,AI_VECTOR_CORE,6,220,1.000,1785953640527065.315	,1785953640527066.315	
6,te_scatter_226cddbe36c13c7aebd4a0af4bc042719ab78ce0f7965ec85f752da1566c91ec__kernel0,AI_VECTOR_CORE,6,221,1.480,1785953640527066.355	,1785953640527067.835	
6,te_applyrotaryposemb_d142cc98ab2a1283d0b176e197a8ed3001866bf12ff64f3cce53340ff1295250__kernel0,AI_VECTOR_CORE,6,222,2.300,1785953640527067.875	,1785953640527070.175	
6,te_scatter_226cddbe36c13c7aebd4a0af4bc042719ab78ce0f7965ec85f752da1566c91ec__kernel0,AI_VECTOR_CORE,6,223,1.180,1785953640527070.215	,1785953640527071.395	
6,te_increflashattention_2914112daf2119d1a6ac422cf22e392b78d9700782ead7ab08aedf7e11e5e07a,MIX_AIC,6,224,20.860,1785953640527072.655	,1785953640527093.515	
6,te_matmul_a92d78a2a636f0ef9776f17dd0acd72f7ba1d30e82463bbb55edd5081230e838__kernel0,AI_CORE,6,225,7.740,1785953640527094.515	,1785953640527102.255	
6,te_inplaceaddrmsnorm_a883b051670cdb40aecf76240ba6a16cb95509b6a775ad8f61eb853cf6acb1f9__kernel0,AI_VECTOR_CORE,6,226,1.920,1785953640527102.275	,1785953640527104.195	
6,te_matmul_bac92edeeee5b874c1c665ecb93900a68beded56e576c8b8b4a54f95d341bdf0__kernel0,AI_CORE,6,227,8.540,1785953640527104.215	,1785953640527112.755	
6,te_matmul_bac92edeeee5b874c1c665ecb93900a68beded56e576c8b8b4a54f95d341bdf0__kernel0,AI_CORE,6,228,8.820,1785953640527112.775	,1785953640527121.595	
6,te_fused_op_swish_mul_6235946b44b6b3fc89fd62f02f7acc045d1373c83dbcb9f0004402584da8f7fa__kernel0,AI_VECTOR_CORE,6,229,1.740,1785953640527121.615	,1785953640527123.355	
6,te_matmul_d08950d81d2f88768302fcaea768c33589946bf5769be44a85bd2514a20364c9__kernel0,AI_CORE,6,230,9.960,1785953640527123.375	,1785953640527133.335	
6,te_inplaceaddrmsnorm_a883b051670cdb40aecf76240ba6a16cb95509b6a775ad8f61eb853cf6acb1f9__kernel0,AI_VECTOR_CORE,6,231,1.480,1785953640527133.355	,1785953640527134.835	
6,te_matmul_8b3306b24f57361e2a756293ea64a1342b18a16b177ad6fca4f83f7599a3ea0c__kernel0,AI_CORE,6,232,7.460,1785953640527134.855	,1785953640527142.315	
6,te_splitvd_d17965c7d7e8ef98e5c4a8c43fa07c60556f4deba7163560075b8d51d2e3b888__kernel0,AI_VECTOR_CORE,6,233,0.980,1785953640527142.335	,1785953640527143.315	
6,te_scatter_226cddbe36c13c7aebd4a0af4bc042719ab78ce0f7965ec85f752da1566c91ec__kernel0,AI_VECTOR_CORE,6,234,1.220,1785953640527143.335	,1785953640527144.555	
6,te_applyrotaryposemb_d142cc98ab2a1283d0b176e197a8ed3001866bf12ff64f3cce53340ff1295250__kernel0,AI_VECTOR_CORE,6,235,2.280,1785953640527144.575	,1785953640527146.855	
6,te_scatter_226cddbe36c13c7aebd4a0af4bc042719ab78ce0f7965ec85f752da1566c91ec__kernel0,AI_VECTOR_CORE,6,236,1.220,1785953640527146.875	,1785953640527148.095	
6,te_increflashattention_2914112daf2119d1a6ac422cf22e392b78d9700782ead7ab08aedf7e11e5e07a,MIX_AIC,6,237,21.980,1785953640527149.355	,1785953640527171.335	
6,te_matmul_a92d78a2a636f0ef9776f17dd0acd72f7ba1d30e82463bbb55edd5081230e838__kernel0,AI_CORE,6,238,6.460,1785953640527172.415	,1785953640527178.875	
6,te_inplaceaddrmsnorm_a883b051670cdb40aecf76240ba6a16cb95509b6a775ad8f61eb853cf6acb1f9__kernel0,AI_VECTOR_CORE,6,239,1.520,1785953640527178.895	,1785953640527180.415	
6,te_matmul_bac92edeeee5b874c1c665ecb93900a68beded56e576c8b8b4a54f95d341bdf0__kernel0,AI_CORE,6,240,8.600,1785953640527180.435	,1785953640527189.035	
6,te_matmul_bac92edeeee5b874c1c665ecb93900a68beded56e576c8b8b4a54f95d341bdf0__kernel0,AI_CORE,6,241,8.000,1785953640527189.055	,1785953640527197.055	
6,te_fused_op_swish_mul_6235946b44b6b3fc89fd62f02f7acc045d1373c83dbcb9f0004402584da8f7fa__kernel0,AI_VECTOR_CORE,6,242,1.500,1785953640527197.075	,1785953640527198.575	
6,te_matmul_d08950d81d2f88768302fcaea768c33589946bf5769be44a85bd2514a20364c9__kernel0,AI_CORE,6,243,8.240,1785953640527198.615	,1785953640527206.855	
6,te_inplaceaddrmsnorm_a883b051670cdb40aecf76240ba6a16cb95509b6a775ad8f61eb853cf6acb1f9__kernel0,AI_VECTOR_CORE,6,244,1.440,1785953640527206.875	,1785953640527208.315	
6,te_matmul_8b3306b24f57361e2a756293ea64a1342b18a16b177ad6fca4f83f7599a3ea0c__kernel0,AI_CORE,6,245,8.100,1785953640527208.335	,1785953640527216.435	
6,te_splitvd_d17965c7d7e8ef98e5c4a8c43fa07c60556f4deba7163560075b8d51d2e3b888__kernel0,AI_VECTOR_CORE,6,246,1.060,1785953640527216.455	,1785953640527217.515	
6,te_scatter_226cddbe36c13c7aebd4a0af4bc042719ab78ce0f7965ec85f752da1566c91ec__kernel0,AI_VECTOR_CORE,6,247,1.300,1785953640527217.535	,1785953640527218.835	
6,te_applyrotaryposemb_d142cc98ab2a1283d0b176e197a8ed3001866bf12ff64f3cce53340ff1295250__kernel0,AI_VECTOR_CORE,6,248,2.360,1785953640527218.855	,1785953640527221.215	
6,te_scatter_226cddbe36c13c7aebd4a0af4bc042719ab78ce0f7965ec85f752da1566c91ec__kernel0,AI_VECTOR_CORE,6,249,0.980,1785953640527221.235	,1785953640527222.215	
6,te_increflashattention_2914112daf2119d1a6ac422cf22e392b78d9700782ead7ab08aedf7e11e5e07a,MIX_AIC,6,250,22.500,1785953640527223.675	,1785953640527246.175	
6,te_matmul_a92d78a2a636f0ef9776f17dd0acd72f7ba1d30e82463bbb55edd5081230e838__kernel0,AI_CORE,6,251,6.640,1785953640527247.335	,1785953640527253.975	
6,te_inplaceaddrmsnorm_a883b051670cdb40aecf76240ba6a16cb95509b6a775ad8f61eb853cf6acb1f9__kernel0,AI_VECTOR_CORE,6,252,1.580,1785953640527253.995	,1785953640527255.575	
6,te_matmul_bac92edeeee5b874c1c665ecb93900a68beded56e576c8b8b4a54f95d341bdf0__kernel0,AI_CORE,6,253,9.860,1785953640527255.595	,1785953640527265.455	
6,te_matmul_bac92edeeee5b874c1c665ecb93900a68beded56e576c8b8b4a54f95d341bdf0__kernel0,AI_CORE,6,254,7.220,1785953640527265.475	,1785953640527272.695	
6,te_fused_op_swish_mul_6235946b44b6b3fc89fd62f02f7acc045d1373c83dbcb9f0004402584da8f7fa__kernel0,AI_VECTOR_CORE,6,255,1.640,1785953640527272.715	,1785953640527274.355	
6,te_matmul_d08950d81d2f88768302fcaea768c33589946bf5769be44a85bd2514a20364c9__kernel0,AI_CORE,6,256,8.640,1785953640527274.375	,1785953640527283.015	
6,te_inplaceaddrmsnorm_a883b051670cdb40aecf76240ba6a16cb95509b6a775ad8f61eb853cf6acb1f9__kernel0,AI_VECTOR_CORE,6,257,1.480,1785953640527283.035	,1785953640527284.515	
6,te_matmul_8b3306b24f57361e2a756293ea64a1342b18a16b177ad6fca4f83f7599a3ea0c__kernel0,AI_CORE,6,258,7.720,1785953640527284.555	,1785953640527292.275	
6,te_splitvd_d17965c7d7e8ef98e5c4a8c43fa07c60556f4deba7163560075b8d51d2e3b888__kernel0,AI_VECTOR_CORE,6,259,1.040,1785953640527292.315	,1785953640527293.355	
6,te_scatter_226cddbe36c13c7aebd4a0af4bc042719ab78ce0f7965ec85f752da1566c91ec__kernel0,AI_VECTOR_CORE,6,260,1.200,1785953640527293.375	,1785953640527294.575	
6,te_applyrotaryposemb_d142cc98ab2a1283d0b176e197a8ed3001866bf12ff64f3cce53340ff1295250__kernel0,AI_VECTOR_CORE,6,261,2.380,1785953640527294.615	,1785953640527296.995	
6,te_scatter_226cddbe36c13c7aebd4a0af4bc042719ab78ce0f7965ec85f752da1566c91ec__kernel0,AI_VECTOR_CORE,6,262,1.200,1785953640527297.035	,1785953640527298.235	
6,te_increflashattention_2914112daf2119d1a6ac422cf22e392b78d9700782ead7ab08aedf7e11e5e07a,MIX_AIC,6,263,20.980,1785953640527299.175	,1785953640527320.155	
6,te_matmul_a92d78a2a636f0ef9776f17dd0acd72f7ba1d30e82463bbb55edd5081230e838__kernel0,AI_CORE,6,264,6.340,1785953640527321.015	,1785953640527327.355	
6,te_inplaceaddrmsnorm_a883b051670cdb40aecf76240ba6a16cb95509b6a775ad8f61eb853cf6acb1f9__kernel0,AI_VECTOR_CORE,6,265,1.580,1785953640527327.395	,1785953640527328.975	
6,te_matmul_bac92edeeee5b874c1c665ecb93900a68beded56e576c8b8b4a54f95d341bdf0__kernel0,AI_CORE,6,266,9.260,1785953640527328.995	,1785953640527338.255	
6,te_matmul_bac92edeeee5b874c1c665ecb93900a68beded56e576c8b8b4a54f95d341bdf0__kernel0,AI_CORE,6,267,9.040,1785953640527338.275	,1785953640527347.315	
6,te_fused_op_swish_mul_6235946b44b6b3fc89fd62f02f7acc045d1373c83dbcb9f0004402584da8f7fa__kernel0,AI_VECTOR_CORE,6,268,1.620,1785953640527347.335	,1785953640527348.955	
6,te_matmul_d08950d81d2f88768302fcaea768c33589946bf5769be44a85bd2514a20364c9__kernel0,AI_CORE,6,269,8.480,1785953640527348.975	,1785953640527357.455	
6,te_inplaceaddrmsnorm_00140acccd5d124de66fb2201391b9471484a775ad3033771fec0ec5bb3ad989__kernel0,AI_VECTOR_CORE,6,270,2.100,1785953640527357.475	,1785953640527359.575	
6,te_matmul_bd6bb06e454cbd5a6db8e629d6afcfe95282ec4fbbe6dc1b4d08d12e66ee3768__kernel0,AI_CORE,6,271,176.440,1785953640527359.595	,1785953640527536.035	
6,N/A,NOTIFY_RECORD,6,272,0.000,1785953640527536.055	,1785953640527536.055	
6,N/A,PROFILER_TRACE_EX,3,992,0.000,1785953640527556.535	,1785953640527556.535	
6,Cast_1fb1c1a33856de01862630399320fff3_high_performance_210000000,AI_VECTOR_CORE,3,993,8.860,1785953640527556.575	,1785953640527565.435	
6,ArgMaxV2_4402011f777d6374ab9f6425cb5984c4_high_performance_3,AI_VECTOR_CORE,3,994,13.900,1785953640527565.475	,1785953640527579.375	
6,Cast_e87590d11ccda8b259ab6b1ea7212319_high_performance_210000000,AI_VECTOR_CORE,3,995,1.340,1785953640527579.395	,1785953640527580.735	
6,N/A,EVENT_RECORD,3,996,0.020,1785953640527580.755	,1785953640527580.775	
6,Fill_41dadce325b0f810d03359af2a38990b_high_performance_210000000,AI_VECTOR_CORE,3,997,1.580,1785953640527580.915	,1785953640527582.495	
6,SelectV2_a32d70ed63082227463347a44bd5a08e_high_performance_210000000,AI_VECTOR_CORE,3,998,2.400,1785953640527619.595	,1785953640527621.995	
6,Add_41dadce325b0f810d03359af2a38990b_high_performance_210000000,AI_VECTOR_CORE,3,999,2.920,1785953640527799.415	,1785953640527802.335	
6,ZerosLike_1d2fd313763487259859439d7e9b41cf_high_performance_210000000,AI_VECTOR_CORE,3,1000,1.640,1785953640527907.655	,1785953640527909.295	
6,SelectV2_a32d70ed63082227463347a44bd5a08e_high_performance_210000000,AI_VECTOR_CORE,3,1001,1.740,1785953640527980.555	,1785953640527982.295	
6,N/A,EVENT_RECORD,3,1002,0.020,1785953640528584.915	,1785953640528584.935	
6,N/A,MEMCPY_ASYNC,3,1003,2.940,1785953640529169.135	,1785953640529172.075	
6,UpdateModelParam,AI_VECTOR_CORE,3,1004,3.920,1785953640529172.235	,1785953640529176.155	
6,N/A,PROFILER_TRACE_EX,3,1005,0.020,1785953640529189.475	,1785953640529189.495	
6,N/A,MODEL_EXECUTE,3,1006,4.980,1785953640529189.515	,1785953640529194.495	
6,te_gatherv2_d067fbabaa81e25832cc932602194081ed7fd80741e1163e90a10399d22d6160__kernel0,AI_VECTOR_CORE,6,0,9.280,1785953640529194.435	,1785953640529203.715	
6,te_rmsnorm_495bf6eca8d3c4a46e9cd85c1f31387132b47a1c871cf6270e474109c1357a28__kernel0,AI_VECTOR_CORE,6,1,5.320,1785953640529203.755	,1785953640529209.075	
6,te_matmul_8b3306b24f57361e2a756293ea64a1342b18a16b177ad6fca4f83f7599a3ea0c__kernel0,AI_CORE,6,2,9.620,1785953640529209.095	,1785953640529218.715	
6,N/A,NOTIFY_WAIT,3,1007,1549.520,1785953640529210.575	,1785953640530760.095	
6,te_splitvd_d17965c7d7e8ef98e5c4a8c43fa07c60556f4deba7163560075b8d51d2e3b888__kernel0,AI_VECTOR_CORE,6,3,1.120,1785953640529218.735	,1785953640529219.855	
6,te_add_2eb04db1d54d7a15212bd44b1d37b3ecd9c751b3c20c97464d36440e64d59ccd__kernel0,AI_VECTOR_CORE,6,4,1.380,1785953640529219.875	,1785953640529221.255	
6,te_broadcastto_31d6a11de70ef7aaefb4432133b8a383c73d1f301d7483e5a3c3e69497fcc60d__kernel0,AI_VECTOR_CORE,6,5,1.200,1785953640529221.295	,1785953640529222.495	
6,te_cast_62368953e62d0f211d7fd1906affe4cac120befa439c957e78a88b143306e2a7__kernel0,AI_VECTOR_CORE,6,6,1.160,1785953640529222.535	,1785953640529223.695	
6,te_range_ced84fc62b7a0b28b34330aa6ab26a5df9ce579384058adf938b1ae8f25e3518__kernel0,AI_VECTOR_CORE,6,7,9.640,1785953640529223.715	,1785953640529233.355	
6,te_cast_b33561806139361f6242dd033a11c2a1a75f16a76571932bfc26673b498ab667__kernel0,AI_VECTOR_CORE,6,8,2.620,1785953640529233.375	,1785953640529235.995	
6,te_greater_645fbd8960057d25f1e75497e3d1b23634ea6c0c50406f8c2129d207ba45978a__kernel0,AI_VECTOR_CORE,6,9,3.660,1785953640529236.015	,1785953640529239.675	
6,te_scatter_226cddbe36c13c7aebd4a0af4bc042719ab78ce0f7965ec85f752da1566c91ec__kernel0,AI_VECTOR_CORE,6,10,1.280,1785953640529239.695	,1785953640529240.975	
6,te_broadcastto_a823b2959798ef7604d60472a6dae5e88c4052809868a2f65cb7f49800cbce2f__kernel0,AI_VECTOR_CORE,6,11,1.200,1785953640529240.995	,1785953640529242.195	
6,te_mul_d72c4b55c0b6aff757dba8cf842396e417b338f79e7bdc38e31f8eb3db635880__kernel0,AI_VECTOR_CORE,6,12,1.160,1785953640529242.215	,1785953640529243.375	
6,te_concatv2d_6ef2d5fa4913452019c68174ca369df5d4504fe581284e28d5f969b225617859__kernel0,AI_VECTOR_CORE,6,13,3.920,1785953640529243.395	,1785953640529247.315	
6,te_cos_22837cf154e5096bfc4e2a737faa2e7b11efb8ebd9ebc92fc789e4a7729de09e__kernel0,AI_VECTOR_CORE,6,14,1.920,1785953640529247.335	,1785953640529249.255	
6,te_fused_op_mul_cast_9e89437377c4abee7c565311e242beb8f80649dd5a426e6170ce2d3c5c0c8936__kernel0,AI_VECTOR_CORE,6,15,1.340,1785953640529249.275	,1785953640529250.615	
6,te_sin_b6e5b8223c5eaaf23c1ccd61b127f84479fea1e337f9c06e6c7de4dbf8810126__kernel0,AI_VECTOR_CORE,6,16,1.900,1785953640529250.655	,1785953640529252.555	
6,te_fused_op_mul_cast_9e89437377c4abee7c565311e242beb8f80649dd5a426e6170ce2d3c5c0c8936__kernel0,AI_VECTOR_CORE,6,17,1.040,1785953640529252.575	,1785953640529253.615	
6,te_range_947f5c554c284eec0b277d09e071dcd332003bd8c83fdbb74e30cc6bc058ce9e__kernel0,AI_VECTOR_CORE,6,18,8.940,1785953640529253.655	,1785953640529262.595	
6,te_cast_3d785d9a54db8e61336ee22276cf214858dde2a841c7ec6d8ddaa33af0251362__kernel0,AI_VECTOR_CORE,6,19,2.540,1785953640529262.635	,1785953640529265.175	
6,te_fused_op_add_floor_mod_equal_equal_e3acb1f3bffe77890caafb9a865c534f22fd4a65f93f1b1ec8c6478b22a1dcd3__kernel0,AI_VECTOR_CORE,6,20,3.900,1785953640529265.195	,1785953640529269.095	
6,te_splitvd_6817ab6eaea992250c288ec92256c28b307b9b5829994527107c0f699826a1db__kernel0,AI_VECTOR_CORE,6,21,3.900,1785953640529269.115	,1785953640529273.015	
6,te_gatherv2_87ce8aacc2efdf1d42baef346fae26c5af3c023063a8a529a956b349dd8f817c__kernel0,AI_VECTOR_CORE,6,22,1.160,1785953640529273.055	,1785953640529274.215	
6,te_gatherv2_87ce8aacc2efdf1d42baef346fae26c5af3c023063a8a529a956b349dd8f817c__kernel0,AI_VECTOR_CORE,6,23,1.100,1785953640529274.235	,1785953640529275.335	
6,te_gatherv2_4e80041f285f92e5f11955702804208cb08cb6905acd76a1bae3ad8e5e0e34f6__kernel0,AI_VECTOR_CORE,6,24,1.880,1785953640529275.355	,1785953640529277.235	
6,te_gatherv2_4e80041f285f92e5f11955702804208cb08cb6905acd76a1bae3ad8e5e0e34f6__kernel0,AI_VECTOR_CORE,6,25,1.860,1785953640529277.255	,1785953640529279.115	
6,te_gatherv2_4e80041f285f92e5f11955702804208cb08cb6905acd76a1bae3ad8e5e0e34f6__kernel0,AI_VECTOR_CORE,6,26,1.720,1785953640529279.135	,1785953640529280.855	
6,te_gatherv2_4e80041f285f92e5f11955702804208cb08cb6905acd76a1bae3ad8e5e0e34f6__kernel0,AI_VECTOR_CORE,6,27,1.760,1785953640529280.875	,1785953640529282.635	
6,te_splitvd_6817ab6eaea992250c288ec92256c28b307b9b5829994527107c0f699826a1db__kernel0,AI_VECTOR_CORE,6,28,3.800,1785953640529282.655	,1785953640529286.455	
6,te_gatherv2_87ce8aacc2efdf1d42baef346fae26c5af3c023063a8a529a956b349dd8f817c__kernel0,AI_VECTOR_CORE,6,29,1.120,1785953640529286.495	,1785953640529287.615	
6,te_gatherv2_87ce8aacc2efdf1d42baef346fae26c5af3c023063a8a529a956b349dd8f817c__kernel0,AI_VECTOR_CORE,6,30,1.080,1785953640529287.635	,1785953640529288.715	
6,te_gatherv2_4e80041f285f92e5f11955702804208cb08cb6905acd76a1bae3ad8e5e0e34f6__kernel0,AI_VECTOR_CORE,6,31,1.580,1785953640529288.735	,1785953640529290.315	
6,te_gatherv2_4e80041f285f92e5f11955702804208cb08cb6905acd76a1bae3ad8e5e0e34f6__kernel0,AI_VECTOR_CORE,6,32,1.680,1785953640529290.335	,1785953640529292.015	
6,te_gatherv2_4e80041f285f92e5f11955702804208cb08cb6905acd76a1bae3ad8e5e0e34f6__kernel0,AI_VECTOR_CORE,6,33,1.600,1785953640529292.035	,1785953640529293.635	
6,te_gatherv2_4e80041f285f92e5f11955702804208cb08cb6905acd76a1bae3ad8e5e0e34f6__kernel0,AI_VECTOR_CORE,6,34,1.700,1785953640529293.655	,1785953640529295.355	
6,te_concatv2d_e697cfae3057799e346a5f0feee79b0b584dfd9384b07c99e984dd0e6b962476__kernel0,AI_VECTOR_CORE,6,35,1.420,1785953640529295.375	,1785953640529296.795	
6,te_concatv2d_e697cfae3057799e346a5f0feee79b0b584dfd9384b07c99e984dd0e6b962476__kernel0,AI_VECTOR_CORE,6,36,1.380,1785953640529296.815	,1785953640529298.195	
6,te_applyrotaryposemb_d142cc98ab2a1283d0b176e197a8ed3001866bf12ff64f3cce53340ff1295250__kernel0,AI_VECTOR_CORE,6,37,3.340,1785953640529298.215	,1785953640529301.555	
6,te_scatter_226cddbe36c13c7aebd4a0af4bc042719ab78ce0f7965ec85f752da1566c91ec__kernel0,AI_VECTOR_CORE,6,38,1.180,1785953640529301.575	,1785953640529302.755	
6,te_fused_op_less_logical_and_logical_and_logical_not_logical_and_f72aac9601800b448b2115353da786f846c056c72d49264ca545be3f8a7f737a__kernel0,AI_VECTOR_CORE,6,39,3.100,1785953640529302.795	,1785953640529305.895	
6,te_broadcastto_fc1ad6a046bd0d71736b40ab3372a2c9137fbc41368cd6183c566ec01df3145f__kernel0,AI_VECTOR_CORE,6,40,6.060,1785953640529305.915	,1785953640529311.975	
6,te_maskedfill_61cef3867d651addc2a0810945485420ab901d6c4b3b7e0306b87db8eee46f4c__kernel0,AI_VECTOR_CORE,6,41,6.580,1785953640529311.995	,1785953640529318.575	
6,te_increflashattention_2914112daf2119d1a6ac422cf22e392b78d9700782ead7ab08aedf7e11e5e07a,MIX_AIC,6,42,31.120,1785953640529320.035	,1785953640529351.155	
6,te_matmul_a92d78a2a636f0ef9776f17dd0acd72f7ba1d30e82463bbb55edd5081230e838__kernel0,AI_CORE,6,43,7.620,1785953640529352.215	,1785953640529359.835	
6,te_inplaceaddrmsnorm_a883b051670cdb40aecf76240ba6a16cb95509b6a775ad8f61eb853cf6acb1f9__kernel0,AI_VECTOR_CORE,6,44,1.940,1785953640529359.875	,1785953640529361.815	
6,te_matmul_bac92edeeee5b874c1c665ecb93900a68beded56e576c8b8b4a54f95d341bdf0__kernel0,AI_CORE,6,45,9.920,1785953640529361.835	,1785953640529371.755	
6,te_matmul_bac92edeeee5b874c1c665ecb93900a68beded56e576c8b8b4a54f95d341bdf0__kernel0,AI_CORE,6,46,7.660,1785953640529371.775	,1785953640529379.435	
6,te_fused_op_swish_mul_6235946b44b6b3fc89fd62f02f7acc045d1373c83dbcb9f0004402584da8f7fa__kernel0,AI_VECTOR_CORE,6,47,1.720,1785953640529379.455	,1785953640529381.175	
6,te_matmul_d08950d81d2f88768302fcaea768c33589946bf5769be44a85bd2514a20364c9__kernel0,AI_CORE,6,48,9.840,1785953640529381.195	,1785953640529391.035	
6,te_inplaceaddrmsnorm_a883b051670cdb40aecf76240ba6a16cb95509b6a775ad8f61eb853cf6acb1f9__kernel0,AI_VECTOR_CORE,6,49,1.540,1785953640529391.075	,1785953640529392.615	
6,te_matmul_8b3306b24f57361e2a756293ea64a1342b18a16b177ad6fca4f83f7599a3ea0c__kernel0,AI_CORE,6,50,6.880,1785953640529392.635	,1785953640529399.515	
6,te_splitvd_d17965c7d7e8ef98e5c4a8c43fa07c60556f4deba7163560075b8d51d2e3b888__kernel0,AI_VECTOR_CORE,6,51,1.040,1785953640529399.535	,1785953640529400.575	
6,te_scatter_226cddbe36c13c7aebd4a0af4bc042719ab78ce0f7965ec85f752da1566c91ec__kernel0,AI_VECTOR_CORE,6,52,1.460,1785953640529400.595	,1785953640529402.055	
6,te_applyrotaryposemb_d142cc98ab2a1283d0b176e197a8ed3001866bf12ff64f3cce53340ff1295250__kernel0,AI_VECTOR_CORE,6,53,2.220,1785953640529402.075	,1785953640529404.295	
6,te_scatter_226cddbe36c13c7aebd4a0af4bc042719ab78ce0f7965ec85f752da1566c91ec__kernel0,AI_VECTOR_CORE,6,54,1.420,1785953640529404.315	,1785953640529405.735	
6,te_increflashattention_2914112daf2119d1a6ac422cf22e392b78d9700782ead7ab08aedf7e11e5e07a,MIX_AIC,6,55,21.640,1785953640529407.075	,1785953640529428.715	
6,te_matmul_a92d78a2a636f0ef9776f17dd0acd72f7ba1d30e82463bbb55edd5081230e838__kernel0,AI_CORE,6,56,8.480,1785953640529429.535	,1785953640529438.015	
6,te_inplaceaddrmsnorm_a883b051670cdb40aecf76240ba6a16cb95509b6a775ad8f61eb853cf6acb1f9__kernel0,AI_VECTOR_CORE,6,57,1.620,1785953640529438.035	,1785953640529439.655	
6,te_matmul_bac92edeeee5b874c1c665ecb93900a68beded56e576c8b8b4a54f95d341bdf0__kernel0,AI_CORE,6,58,8.320,1785953640529439.675	,1785953640529447.995	
6,te_matmul_bac92edeeee5b874c1c665ecb93900a68beded56e576c8b8b4a54f95d341bdf0__kernel0,AI_CORE,6,59,7.440,1785953640529448.015	,1785953640529455.455	
6,te_fused_op_swish_mul_6235946b44b6b3fc89fd62f02f7acc045d1373c83dbcb9f0004402584da8f7fa__kernel0,AI_VECTOR_CORE,6,60,1.540,1785953640529455.495	,1785953640529457.035	
6,te_matmul_d08950d81d2f88768302fcaea768c33589946bf5769be44a85bd2514a20364c9__kernel0,AI_CORE,6,61,9.760,1785953640529457.055	,1785953640529466.815	
6,te_inplaceaddrmsnorm_a883b051670cdb40aecf76240ba6a16cb95509b6a775ad8f61eb853cf6acb1f9__kernel0,AI_VECTOR_CORE,6,62,1.520,1785953640529466.835	,1785953640529468.355	
6,te_matmul_8b3306b24f57361e2a756293ea64a1342b18a16b177ad6fca4f83f7599a3ea0c__kernel0,AI_CORE,6,63,7.480,1785953640529468.375	,1785953640529475.855	
6,te_splitvd_d17965c7d7e8ef98e5c4a8c43fa07c60556f4deba7163560075b8d51d2e3b888__kernel0,AI_VECTOR_CORE,6,64,0.980,1785953640529475.875	,1785953640529476.855	
6,te_scatter_226cddbe36c13c7aebd4a0af4bc042719ab78ce0f7965ec85f752da1566c91ec__kernel0,AI_VECTOR_CORE,6,65,1.200,1785953640529476.875	,1785953640529478.075	
6,te_applyrotaryposemb_d142cc98ab2a1283d0b176e197a8ed3001866bf12ff64f3cce53340ff1295250__kernel0,AI_VECTOR_CORE,6,66,2.240,1785953640529478.115	,1785953640529480.355	
6,te_scatter_226cddbe36c13c7aebd4a0af4bc042719ab78ce0f7965ec85f752da1566c91ec__kernel0,AI_VECTOR_CORE,6,67,1.400,1785953640529480.375	,1785953640529481.775	
6,te_increflashattention_2914112daf2119d1a6ac422cf22e392b78d9700782ead7ab08aedf7e11e5e07a,MIX_AIC,6,68,19.840,1785953640529483.155	,1785953640529502.995	
6,te_matmul_a92d78a2a636f0ef9776f17dd0acd72f7ba1d30e82463bbb55edd5081230e838__kernel0,AI_CORE,6,69,5.360,1785953640529503.795	,1785953640529509.155	
6,te_inplaceaddrmsnorm_a883b051670cdb40aecf76240ba6a16cb95509b6a775ad8f61eb853cf6acb1f9__kernel0,AI_VECTOR_CORE,6,70,1.560,1785953640529509.175	,1785953640529510.735	
6,te_matmul_bac92edeeee5b874c1c665ecb93900a68beded56e576c8b8b4a54f95d341bdf0__kernel0,AI_CORE,6,71,8.740,1785953640529510.755	,1785953640529519.495	
6,te_matmul_bac92edeeee5b874c1c665ecb93900a68beded56e576c8b8b4a54f95d341bdf0__kernel0,AI_CORE,6,72,7.980,1785953640529519.515	,1785953640529527.495	
6,te_fused_op_swish_mul_6235946b44b6b3fc89fd62f02f7acc045d1373c83dbcb9f0004402584da8f7fa__kernel0,AI_VECTOR_CORE,6,73,1.500,1785953640529527.515	,1785953640529529.015	
6,te_matmul_d08950d81d2f88768302fcaea768c33589946bf5769be44a85bd2514a20364c9__kernel0,AI_CORE,6,74,9.180,1785953640529529.035	,1785953640529538.215	
6,te_inplaceaddrmsnorm_a883b051670cdb40aecf76240ba6a16cb95509b6a775ad8f61eb853cf6acb1f9__kernel0,AI_VECTOR_CORE,6,75,1.620,1785953640529538.235	,1785953640529539.855	
6,te_matmul_8b3306b24f57361e2a756293ea64a1342b18a16b177ad6fca4f83f7599a3ea0c__kernel0,AI_CORE,6,76,7.620,1785953640529539.875	,1785953640529547.495	
6,te_splitvd_d17965c7d7e8ef98e5c4a8c43fa07c60556f4deba7163560075b8d51d2e3b888__kernel0,AI_VECTOR_CORE,6,77,1.020,1785953640529547.515	,1785953640529548.535	
6,te_scatter_226cddbe36c13c7aebd4a0af4bc042719ab78ce0f7965ec85f752da1566c91ec__kernel0,AI_VECTOR_CORE,6,78,1.240,1785953640529548.555	,1785953640529549.795	
6,te_applyrotaryposemb_d142cc98ab2a1283d0b176e197a8ed3001866bf12ff64f3cce53340ff1295250__kernel0,AI_VECTOR_CORE,6,79,2.240,1785953640529549.815	,1785953640529552.055	
6,te_scatter_226cddbe36c13c7aebd4a0af4bc042719ab78ce0f7965ec85f752da1566c91ec__kernel0,AI_VECTOR_CORE,6,80,1.400,1785953640529552.075	,1785953640529553.475	
6,te_increflashattention_2914112daf2119d1a6ac422cf22e392b78d9700782ead7ab08aedf7e11e5e07a,MIX_AIC,6,81,19.920,1785953640529554.475	,1785953640529574.395	
6,te_matmul_a92d78a2a636f0ef9776f17dd0acd72f7ba1d30e82463bbb55edd5081230e838__kernel0,AI_CORE,6,82,5.520,1785953640529575.095	,1785953640529580.615	
6,te_inplaceaddrmsnorm_a883b051670cdb40aecf76240ba6a16cb95509b6a775ad8f61eb853cf6acb1f9__kernel0,AI_VECTOR_CORE,6,83,1.600,1785953640529580.655	,1785953640529582.255	
6,te_matmul_bac92edeeee5b874c1c665ecb93900a68beded56e576c8b8b4a54f95d341bdf0__kernel0,AI_CORE,6,84,9.860,1785953640529582.275	,1785953640529592.135	
6,te_matmul_bac92edeeee5b874c1c665ecb93900a68beded56e576c8b8b4a54f95d341bdf0__kernel0,AI_CORE,6,85,7.400,1785953640529592.155	,1785953640529599.555	
6,te_fused_op_swish_mul_6235946b44b6b3fc89fd62f02f7acc045d1373c83dbcb9f0004402584da8f7fa__kernel0,AI_VECTOR_CORE,6,86,1.600,1785953640529599.575	,1785953640529601.175	
6,te_matmul_d08950d81d2f88768302fcaea768c33589946bf5769be44a85bd2514a20364c9__kernel0,AI_CORE,6,87,10.640,1785953640529601.195	,1785953640529611.835	
6,te_inplaceaddrmsnorm_a883b051670cdb40aecf76240ba6a16cb95509b6a775ad8f61eb853cf6acb1f9__kernel0,AI_VECTOR_CORE,6,88,1.660,1785953640529611.855	,1785953640529613.515	
6,te_matmul_8b3306b24f57361e2a756293ea64a1342b18a16b177ad6fca4f83f7599a3ea0c__kernel0,AI_CORE,6,89,9.100,1785953640529613.535	,1785953640529622.635	
6,te_splitvd_d17965c7d7e8ef98e5c4a8c43fa07c60556f4deba7163560075b8d51d2e3b888__kernel0,AI_VECTOR_CORE,6,90,1.060,1785953640529622.655	,1785953640529623.715	
6,te_scatter_226cddbe36c13c7aebd4a0af4bc042719ab78ce0f7965ec85f752da1566c91ec__kernel0,AI_VECTOR_CORE,6,91,1.300,1785953640529623.735	,1785953640529625.035	
6,te_applyrotaryposemb_d142cc98ab2a1283d0b176e197a8ed3001866bf12ff64f3cce53340ff1295250__kernel0,AI_VECTOR_CORE,6,92,2.300,1785953640529625.055	,1785953640529627.355	
6,te_scatter_226cddbe36c13c7aebd4a0af4bc042719ab78ce0f7965ec85f752da1566c91ec__kernel0,AI_VECTOR_CORE,6,93,1.300,1785953640529627.375	,1785953640529628.675	
6,te_increflashattention_2914112daf2119d1a6ac422cf22e392b78d9700782ead7ab08aedf7e11e5e07a,MIX_AIC,6,94,22.280,1785953640529629.855	,1785953640529652.135	
6,te_matmul_a92d78a2a636f0ef9776f17dd0acd72f7ba1d30e82463bbb55edd5081230e838__kernel0,AI_CORE,6,95,5.760,1785953640529652.895	,1785953640529658.655	
6,te_inplaceaddrmsnorm_a883b051670cdb40aecf76240ba6a16cb95509b6a775ad8f61eb853cf6acb1f9__kernel0,AI_VECTOR_CORE,6,96,1.660,1785953640529658.675	,1785953640529660.335	
6,te_matmul_bac92edeeee5b874c1c665ecb93900a68beded56e576c8b8b4a54f95d341bdf0__kernel0,AI_CORE,6,97,10.320,1785953640529660.375	,1785953640529670.695	
6,te_matmul_bac92edeeee5b874c1c665ecb93900a68beded56e576c8b8b4a54f95d341bdf0__kernel0,AI_CORE,6,98,7.340,1785953640529670.735	,1785953640529678.075	
6,te_fused_op_swish_mul_6235946b44b6b3fc89fd62f02f7acc045d1373c83dbcb9f0004402584da8f7fa__kernel0,AI_VECTOR_CORE,6,99,1.700,1785953640529678.115	,1785953640529679.815	
6,te_matmul_d08950d81d2f88768302fcaea768c33589946bf5769be44a85bd2514a20364c9__kernel0,AI_CORE,6,100,8.740,1785953640529679.855	,1785953640529688.595	
6,te_inplaceaddrmsnorm_a883b051670cdb40aecf76240ba6a16cb95509b6a775ad8f61eb853cf6acb1f9__kernel0,AI_VECTOR_CORE,6,101,1.540,1785953640529688.615	,1785953640529690.155	
6,te_matmul_8b3306b24f57361e2a756293ea64a1342b18a16b177ad6fca4f83f7599a3ea0c__kernel0,AI_CORE,6,102,8.180,1785953640529690.195	,1785953640529698.375	
6,te_splitvd_d17965c7d7e8ef98e5c4a8c43fa07c60556f4deba7163560075b8d51d2e3b888__kernel0,AI_VECTOR_CORE,6,103,1.040,1785953640529698.395	,1785953640529699.435	
6,te_scatter_226cddbe36c13c7aebd4a0af4bc042719ab78ce0f7965ec85f752da1566c91ec__kernel0,AI_VECTOR_CORE,6,104,1.240,1785953640529699.455	,1785953640529700.695	
6,te_applyrotaryposemb_d142cc98ab2a1283d0b176e197a8ed3001866bf12ff64f3cce53340ff1295250__kernel0,AI_VECTOR_CORE,6,105,2.260,1785953640529700.715	,1785953640529702.975	
6,te_scatter_226cddbe36c13c7aebd4a0af4bc042719ab78ce0f7965ec85f752da1566c91ec__kernel0,AI_VECTOR_CORE,6,106,1.200,1785953640529703.015	,1785953640529704.215	
6,te_increflashattention_2914112daf2119d1a6ac422cf22e392b78d9700782ead7ab08aedf7e11e5e07a,MIX_AIC,6,107,20.800,1785953640529705.295	,1785953640529726.095	
6,te_matmul_a92d78a2a636f0ef9776f17dd0acd72f7ba1d30e82463bbb55edd5081230e838__kernel0,AI_CORE,6,108,7.600,1785953640529727.135	,1785953640529734.735	
6,te_inplaceaddrmsnorm_a883b051670cdb40aecf76240ba6a16cb95509b6a775ad8f61eb853cf6acb1f9__kernel0,AI_VECTOR_CORE,6,109,1.600,1785953640529734.755	,1785953640529736.355	
6,te_matmul_bac92edeeee5b874c1c665ecb93900a68beded56e576c8b8b4a54f95d341bdf0__kernel0,AI_CORE,6,110,9.460,1785953640529736.375	,1785953640529745.835	
6,te_matmul_bac92edeeee5b874c1c665ecb93900a68beded56e576c8b8b4a54f95d341bdf0__kernel0,AI_CORE,6,111,7.440,1785953640529745.875	,1785953640529753.315	
6,te_fused_op_swish_mul_6235946b44b6b3fc89fd62f02f7acc045d1373c83dbcb9f0004402584da8f7fa__kernel0,AI_VECTOR_CORE,6,112,1.560,1785953640529753.355	,1785953640529754.915	
6,te_matmul_d08950d81d2f88768302fcaea768c33589946bf5769be44a85bd2514a20364c9__kernel0,AI_CORE,6,113,10.380,1785953640529754.935	,1785953640529765.315	
6,te_inplaceaddrmsnorm_a883b051670cdb40aecf76240ba6a16cb95509b6a775ad8f61eb853cf6acb1f9__kernel0,AI_VECTOR_CORE,6,114,1.720,1785953640529765.335	,1785953640529767.055	
6,te_matmul_8b3306b24f57361e2a756293ea64a1342b18a16b177ad6fca4f83f7599a3ea0c__kernel0,AI_CORE,6,115,8.580,1785953640529767.075	,1785953640529775.655	
6,te_splitvd_d17965c7d7e8ef98e5c4a8c43fa07c60556f4deba7163560075b8d51d2e3b888__kernel0,AI_VECTOR_CORE,6,116,1.200,1785953640529775.675	,1785953640529776.875	
6,te_scatter_226cddbe36c13c7aebd4a0af4bc042719ab78ce0f7965ec85f752da1566c91ec__kernel0,AI_VECTOR_CORE,6,117,1.200,1785953640529776.895	,1785953640529778.095	
6,te_applyrotaryposemb_d142cc98ab2a1283d0b176e197a8ed3001866bf12ff64f3cce53340ff1295250__kernel0,AI_VECTOR_CORE,6,118,2.480,1785953640529778.115	,1785953640529780.595	
6,te_scatter_226cddbe36c13c7aebd4a0af4bc042719ab78ce0f7965ec85f752da1566c91ec__kernel0,AI_VECTOR_CORE,6,119,0.940,1785953640529780.615	,1785953640529781.555	
6,te_increflashattention_2914112daf2119d1a6ac422cf22e392b78d9700782ead7ab08aedf7e11e5e07a,MIX_AIC,6,120,20.140,1785953640529782.535	,1785953640529802.675	
6,te_matmul_a92d78a2a636f0ef9776f17dd0acd72f7ba1d30e82463bbb55edd5081230e838__kernel0,AI_CORE,6,121,5.160,1785953640529803.775	,1785953640529808.935	
6,te_inplaceaddrmsnorm_a883b051670cdb40aecf76240ba6a16cb95509b6a775ad8f61eb853cf6acb1f9__kernel0,AI_VECTOR_CORE,6,122,1.500,1785953640529808.955	,1785953640529810.455	
6,te_matmul_bac92edeeee5b874c1c665ecb93900a68beded56e576c8b8b4a54f95d341bdf0__kernel0,AI_CORE,6,123,8.340,1785953640529810.475	,1785953640529818.815	
6,te_matmul_bac92edeeee5b874c1c665ecb93900a68beded56e576c8b8b4a54f95d341bdf0__kernel0,AI_CORE,6,124,5.320,1785953640529818.835	,1785953640529824.155	
6,te_fused_op_swish_mul_6235946b44b6b3fc89fd62f02f7acc045d1373c83dbcb9f0004402584da8f7fa__kernel0,AI_VECTOR_CORE,6,125,1.620,1785953640529824.175	,1785953640529825.795	
6,te_matmul_d08950d81d2f88768302fcaea768c33589946bf5769be44a85bd2514a20364c9__kernel0,AI_CORE,6,126,8.360,1785953640529825.815	,1785953640529834.175	
6,te_inplaceaddrmsnorm_a883b051670cdb40aecf76240ba6a16cb95509b6a775ad8f61eb853cf6acb1f9__kernel0,AI_VECTOR_CORE,6,127,1.480,1785953640529834.195	,1785953640529835.675	
6,te_matmul_8b3306b24f57361e2a756293ea64a1342b18a16b177ad6fca4f83f7599a3ea0c__kernel0,AI_CORE,6,128,7.460,1785953640529835.695	,1785953640529843.155	
6,te_splitvd_d17965c7d7e8ef98e5c4a8c43fa07c60556f4deba7163560075b8d51d2e3b888__kernel0,AI_VECTOR_CORE,6,129,1.100,1785953640529843.175	,1785953640529844.275	
6,te_scatter_226cddbe36c13c7aebd4a0af4bc042719ab78ce0f7965ec85f752da1566c91ec__kernel0,AI_VECTOR_CORE,6,130,1.200,1785953640529844.315	,1785953640529845.515	
6,te_applyrotaryposemb_d142cc98ab2a1283d0b176e197a8ed3001866bf12ff64f3cce53340ff1295250__kernel0,AI_VECTOR_CORE,6,131,3.320,1785953640529845.555	,1785953640529848.875	
6,te_scatter_226cddbe36c13c7aebd4a0af4bc042719ab78ce0f7965ec85f752da1566c91ec__kernel0,AI_VECTOR_CORE,6,132,1.000,1785953640529848.895	,1785953640529849.895	
6,te_increflashattention_2914112daf2119d1a6ac422cf22e392b78d9700782ead7ab08aedf7e11e5e07a,MIX_AIC,6,133,21.060,1785953640529850.895	,1785953640529871.955	
6,te_matmul_a92d78a2a636f0ef9776f17dd0acd72f7ba1d30e82463bbb55edd5081230e838__kernel0,AI_CORE,6,134,4.400,1785953640529872.715	,1785953640529877.115	
6,te_inplaceaddrmsnorm_a883b051670cdb40aecf76240ba6a16cb95509b6a775ad8f61eb853cf6acb1f9__kernel0,AI_VECTOR_CORE,6,135,1.520,1785953640529877.135	,1785953640529878.655	
6,te_matmul_bac92edeeee5b874c1c665ecb93900a68beded56e576c8b8b4a54f95d341bdf0__kernel0,AI_CORE,6,136,8.660,1785953640529878.675	,1785953640529887.335	
6,te_matmul_bac92edeeee5b874c1c665ecb93900a68beded56e576c8b8b4a54f95d341bdf0__kernel0,AI_CORE,6,137,7.060,1785953640529887.355	,1785953640529894.415	
6,te_fused_op_swish_mul_6235946b44b6b3fc89fd62f02f7acc045d1373c83dbcb9f0004402584da8f7fa__kernel0,AI_VECTOR_CORE,6,138,1.700,1785953640529894.435	,1785953640529896.135	
6,te_matmul_d08950d81d2f88768302fcaea768c33589946bf5769be44a85bd2514a20364c9__kernel0,AI_CORE,6,139,8.460,1785953640529896.155	,1785953640529904.615	
6,te_inplaceaddrmsnorm_a883b051670cdb40aecf76240ba6a16cb95509b6a775ad8f61eb853cf6acb1f9__kernel0,AI_VECTOR_CORE,6,140,1.480,1785953640529904.635	,1785953640529906.115	
6,te_matmul_8b3306b24f57361e2a756293ea64a1342b18a16b177ad6fca4f83f7599a3ea0c__kernel0,AI_CORE,6,141,7.460,1785953640529906.155	,1785953640529913.615	
6,te_splitvd_d17965c7d7e8ef98e5c4a8c43fa07c60556f4deba7163560075b8d51d2e3b888__kernel0,AI_VECTOR_CORE,6,142,1.120,1785953640529913.655	,1785953640529914.775	
6,te_scatter_226cddbe36c13c7aebd4a0af4bc042719ab78ce0f7965ec85f752da1566c91ec__kernel0,AI_VECTOR_CORE,6,143,1.300,1785953640529914.795	,1785953640529916.095	
6,te_applyrotaryposemb_d142cc98ab2a1283d0b176e197a8ed3001866bf12ff64f3cce53340ff1295250__kernel0,AI_VECTOR_CORE,6,144,2.240,1785953640529916.115	,1785953640529918.355	
6,te_scatter_226cddbe36c13c7aebd4a0af4bc042719ab78ce0f7965ec85f752da1566c91ec__kernel0,AI_VECTOR_CORE,6,145,1.000,1785953640529918.375	,1785953640529919.375	
6,te_increflashattention_2914112daf2119d1a6ac422cf22e392b78d9700782ead7ab08aedf7e11e5e07a,MIX_AIC,6,146,20.520,1785953640529920.355	,1785953640529940.875	
6,te_matmul_a92d78a2a636f0ef9776f17dd0acd72f7ba1d30e82463bbb55edd5081230e838__kernel0,AI_CORE,6,147,4.540,1785953640529941.575	,1785953640529946.115	
6,te_inplaceaddrmsnorm_a883b051670cdb40aecf76240ba6a16cb95509b6a775ad8f61eb853cf6acb1f9__kernel0,AI_VECTOR_CORE,6,148,1.880,1785953640529946.135	,1785953640529948.015	
6,te_matmul_bac92edeeee5b874c1c665ecb93900a68beded56e576c8b8b4a54f95d341bdf0__kernel0,AI_CORE,6,149,8.440,1785953640529948.055	,1785953640529956.495	
6,te_matmul_bac92edeeee5b874c1c665ecb93900a68beded56e576c8b8b4a54f95d341bdf0__kernel0,AI_CORE,6,150,5.320,1785953640529956.515	,1785953640529961.835	
6,te_fused_op_swish_mul_6235946b44b6b3fc89fd62f02f7acc045d1373c83dbcb9f0004402584da8f7fa__kernel0,AI_VECTOR_CORE,6,151,1.660,1785953640529961.875	,1785953640529963.535	
6,te_matmul_d08950d81d2f88768302fcaea768c33589946bf5769be44a85bd2514a20364c9__kernel0,AI_CORE,6,152,7.980,1785953640529963.555	,1785953640529971.535	
6,te_inplaceaddrmsnorm_a883b051670cdb40aecf76240ba6a16cb95509b6a775ad8f61eb853cf6acb1f9__kernel0,AI_VECTOR_CORE,6,153,1.700,1785953640529971.575	,1785953640529973.275	
6,te_matmul_8b3306b24f57361e2a756293ea64a1342b18a16b177ad6fca4f83f7599a3ea0c__kernel0,AI_CORE,6,154,7.460,1785953640529973.295	,1785953640529980.755	
6,te_splitvd_d17965c7d7e8ef98e5c4a8c43fa07c60556f4deba7163560075b8d51d2e3b888__kernel0,AI_VECTOR_CORE,6,155,1.140,1785953640529980.775	,1785953640529981.915	
6,te_scatter_226cddbe36c13c7aebd4a0af4bc042719ab78ce0f7965ec85f752da1566c91ec__kernel0,AI_VECTOR_CORE,6,156,1.380,1785953640529981.935	,1785953640529983.315	
6,te_applyrotaryposemb_d142cc98ab2a1283d0b176e197a8ed3001866bf12ff64f3cce53340ff1295250__kernel0,AI_VECTOR_CORE,6,157,2.360,1785953640529983.335	,1785953640529985.695	
6,te_scatter_226cddbe36c13c7aebd4a0af4bc042719ab78ce0f7965ec85f752da1566c91ec__kernel0,AI_VECTOR_CORE,6,158,0.980,1785953640529985.715	,1785953640529986.695	
6,te_increflashattention_2914112daf2119d1a6ac422cf22e392b78d9700782ead7ab08aedf7e11e5e07a,MIX_AIC,6,159,22.120,1785953640529988.055	,1785953640530010.175	
6,te_matmul_a92d78a2a636f0ef9776f17dd0acd72f7ba1d30e82463bbb55edd5081230e838__kernel0,AI_CORE,6,160,4.560,1785953640530011.115	,1785953640530015.675	
6,te_inplaceaddrmsnorm_a883b051670cdb40aecf76240ba6a16cb95509b6a775ad8f61eb853cf6acb1f9__kernel0,AI_VECTOR_CORE,6,161,1.780,1785953640530015.695	,1785953640530017.475	
6,te_matmul_bac92edeeee5b874c1c665ecb93900a68beded56e576c8b8b4a54f95d341bdf0__kernel0,AI_CORE,6,162,8.540,1785953640530017.495	,1785953640530026.035	
6,te_matmul_bac92edeeee5b874c1c665ecb93900a68beded56e576c8b8b4a54f95d341bdf0__kernel0,AI_CORE,6,163,5.480,1785953640530026.055	,1785953640530031.535	
6,te_fused_op_swish_mul_6235946b44b6b3fc89fd62f02f7acc045d1373c83dbcb9f0004402584da8f7fa__kernel0,AI_VECTOR_CORE,6,164,1.640,1785953640530031.555	,1785953640530033.195	
6,te_matmul_d08950d81d2f88768302fcaea768c33589946bf5769be44a85bd2514a20364c9__kernel0,AI_CORE,6,165,8.300,1785953640530033.215	,1785953640530041.515	
6,te_inplaceaddrmsnorm_a883b051670cdb40aecf76240ba6a16cb95509b6a775ad8f61eb853cf6acb1f9__kernel0,AI_VECTOR_CORE,6,166,1.660,1785953640530041.555	,1785953640530043.215	
6,te_matmul_8b3306b24f57361e2a756293ea64a1342b18a16b177ad6fca4f83f7599a3ea0c__kernel0,AI_CORE,6,167,7.680,1785953640530043.235	,1785953640530050.915	
6,te_splitvd_d17965c7d7e8ef98e5c4a8c43fa07c60556f4deba7163560075b8d51d2e3b888__kernel0,AI_VECTOR_CORE,6,168,1.020,1785953640530050.935	,1785953640530051.955	
6,te_scatter_226cddbe36c13c7aebd4a0af4bc042719ab78ce0f7965ec85f752da1566c91ec__kernel0,AI_VECTOR_CORE,6,169,1.160,1785953640530051.975	,1785953640530053.135	
6,te_applyrotaryposemb_d142cc98ab2a1283d0b176e197a8ed3001866bf12ff64f3cce53340ff1295250__kernel0,AI_VECTOR_CORE,6,170,2.400,1785953640530053.175	,1785953640530055.575	
6,te_scatter_226cddbe36c13c7aebd4a0af4bc042719ab78ce0f7965ec85f752da1566c91ec__kernel0,AI_VECTOR_CORE,6,171,1.040,1785953640530055.595	,1785953640530056.635	
6,te_increflashattention_2914112daf2119d1a6ac422cf22e392b78d9700782ead7ab08aedf7e11e5e07a,MIX_AIC,6,172,19.860,1785953640530057.555	,1785953640530077.415	
6,te_matmul_a92d78a2a636f0ef9776f17dd0acd72f7ba1d30e82463bbb55edd5081230e838__kernel0,AI_CORE,6,173,5.640,1785953640530078.155	,1785953640530083.795	
6,te_inplaceaddrmsnorm_a883b051670cdb40aecf76240ba6a16cb95509b6a775ad8f61eb853cf6acb1f9__kernel0,AI_VECTOR_CORE,6,174,1.480,1785953640530083.815	,1785953640530085.295	
6,te_matmul_bac92edeeee5b874c1c665ecb93900a68beded56e576c8b8b4a54f95d341bdf0__kernel0,AI_CORE,6,175,8.260,1785953640530085.335	,1785953640530093.595	
6,te_matmul_bac92edeeee5b874c1c665ecb93900a68beded56e576c8b8b4a54f95d341bdf0__kernel0,AI_CORE,6,176,5.740,1785953640530093.615	,1785953640530099.355	
6,te_fused_op_swish_mul_6235946b44b6b3fc89fd62f02f7acc045d1373c83dbcb9f0004402584da8f7fa__kernel0,AI_VECTOR_CORE,6,177,1.420,1785953640530099.375	,1785953640530100.795	
6,te_matmul_d08950d81d2f88768302fcaea768c33589946bf5769be44a85bd2514a20364c9__kernel0,AI_CORE,6,178,8.060,1785953640530100.815	,1785953640530108.875	
6,te_inplaceaddrmsnorm_a883b051670cdb40aecf76240ba6a16cb95509b6a775ad8f61eb853cf6acb1f9__kernel0,AI_VECTOR_CORE,6,179,1.560,1785953640530108.895	,1785953640530110.455	
6,te_matmul_8b3306b24f57361e2a756293ea64a1342b18a16b177ad6fca4f83f7599a3ea0c__kernel0,AI_CORE,6,180,7.360,1785953640530110.495	,1785953640530117.855	
6,te_splitvd_d17965c7d7e8ef98e5c4a8c43fa07c60556f4deba7163560075b8d51d2e3b888__kernel0,AI_VECTOR_CORE,6,181,1.000,1785953640530117.875	,1785953640530118.875	
6,te_scatter_226cddbe36c13c7aebd4a0af4bc042719ab78ce0f7965ec85f752da1566c91ec__kernel0,AI_VECTOR_CORE,6,182,1.240,1785953640530118.895	,1785953640530120.135	
6,te_applyrotaryposemb_d142cc98ab2a1283d0b176e197a8ed3001866bf12ff64f3cce53340ff1295250__kernel0,AI_VECTOR_CORE,6,183,2.420,1785953640530120.155	,1785953640530122.575	
6,te_scatter_226cddbe36c13c7aebd4a0af4bc042719ab78ce0f7965ec85f752da1566c91ec__kernel0,AI_VECTOR_CORE,6,184,1.040,1785953640530122.595	,1785953640530123.635	
6,te_increflashattention_2914112daf2119d1a6ac422cf22e392b78d9700782ead7ab08aedf7e11e5e07a,MIX_AIC,6,185,21.280,1785953640530124.695	,1785953640530145.975	
6,te_matmul_a92d78a2a636f0ef9776f17dd0acd72f7ba1d30e82463bbb55edd5081230e838__kernel0,AI_CORE,6,186,5.120,1785953640530147.155	,1785953640530152.275	
6,te_inplaceaddrmsnorm_a883b051670cdb40aecf76240ba6a16cb95509b6a775ad8f61eb853cf6acb1f9__kernel0,AI_VECTOR_CORE,6,187,1.660,1785953640530152.295	,1785953640530153.955	
6,te_matmul_bac92edeeee5b874c1c665ecb93900a68beded56e576c8b8b4a54f95d341bdf0__kernel0,AI_CORE,6,188,8.380,1785953640530153.975	,1785953640530162.355	
6,te_matmul_bac92edeeee5b874c1c665ecb93900a68beded56e576c8b8b4a54f95d341bdf0__kernel0,AI_CORE,6,189,6.640,1785953640530162.375	,1785953640530169.015	
6,te_fused_op_swish_mul_6235946b44b6b3fc89fd62f02f7acc045d1373c83dbcb9f0004402584da8f7fa__kernel0,AI_VECTOR_CORE,6,190,1.600,1785953640530169.035	,1785953640530170.635	
6,te_matmul_d08950d81d2f88768302fcaea768c33589946bf5769be44a85bd2514a20364c9__kernel0,AI_CORE,6,191,8.640,1785953640530170.655	,1785953640530179.295	
6,te_inplaceaddrmsnorm_a883b051670cdb40aecf76240ba6a16cb95509b6a775ad8f61eb853cf6acb1f9__kernel0,AI_VECTOR_CORE,6,192,1.560,1785953640530179.315	,1785953640530180.875	
6,te_matmul_8b3306b24f57361e2a756293ea64a1342b18a16b177ad6fca4f83f7599a3ea0c__kernel0,AI_CORE,6,193,7.600,1785953640530180.895	,1785953640530188.495	
6,te_splitvd_d17965c7d7e8ef98e5c4a8c43fa07c60556f4deba7163560075b8d51d2e3b888__kernel0,AI_VECTOR_CORE,6,194,1.100,1785953640530188.515	,1785953640530189.615	
6,te_scatter_226cddbe36c13c7aebd4a0af4bc042719ab78ce0f7965ec85f752da1566c91ec__kernel0,AI_VECTOR_CORE,6,195,1.160,1785953640530189.635	,1785953640530190.795	
6,te_applyrotaryposemb_d142cc98ab2a1283d0b176e197a8ed3001866bf12ff64f3cce53340ff1295250__kernel0,AI_VECTOR_CORE,6,196,2.320,1785953640530190.815	,1785953640530193.135	
6,te_scatter_226cddbe36c13c7aebd4a0af4bc042719ab78ce0f7965ec85f752da1566c91ec__kernel0,AI_VECTOR_CORE,6,197,1.080,1785953640530193.175	,1785953640530194.255	
6,te_increflashattention_2914112daf2119d1a6ac422cf22e392b78d9700782ead7ab08aedf7e11e5e07a,MIX_AIC,6,198,21.320,1785953640530195.435	,1785953640530216.755	
6,te_matmul_a92d78a2a636f0ef9776f17dd0acd72f7ba1d30e82463bbb55edd5081230e838__kernel0,AI_CORE,6,199,4.840,1785953640530217.895	,1785953640530222.735	
6,te_inplaceaddrmsnorm_a883b051670cdb40aecf76240ba6a16cb95509b6a775ad8f61eb853cf6acb1f9__kernel0,AI_VECTOR_CORE,6,200,1.580,1785953640530222.775	,1785953640530224.355	
6,te_matmul_bac92edeeee5b874c1c665ecb93900a68beded56e576c8b8b4a54f95d341bdf0__kernel0,AI_CORE,6,201,8.540,1785953640530224.375	,1785953640530232.915	
6,te_matmul_bac92edeeee5b874c1c665ecb93900a68beded56e576c8b8b4a54f95d341bdf0__kernel0,AI_CORE,6,202,5.300,1785953640530232.935	,1785953640530238.235	
6,te_fused_op_swish_mul_6235946b44b6b3fc89fd62f02f7acc045d1373c83dbcb9f0004402584da8f7fa__kernel0,AI_VECTOR_CORE,6,203,1.480,1785953640530238.255	,1785953640530239.735	
6,te_matmul_d08950d81d2f88768302fcaea768c33589946bf5769be44a85bd2514a20364c9__kernel0,AI_CORE,6,204,8.200,1785953640530239.755	,1785953640530247.955	
6,te_inplaceaddrmsnorm_a883b051670cdb40aecf76240ba6a16cb95509b6a775ad8f61eb853cf6acb1f9__kernel0,AI_VECTOR_CORE,6,205,1.500,1785953640530247.975	,1785953640530249.475	
6,te_matmul_8b3306b24f57361e2a756293ea64a1342b18a16b177ad6fca4f83f7599a3ea0c__kernel0,AI_CORE,6,206,7.500,1785953640530249.495	,1785953640530256.995	
6,te_splitvd_d17965c7d7e8ef98e5c4a8c43fa07c60556f4deba7163560075b8d51d2e3b888__kernel0,AI_VECTOR_CORE,6,207,1.180,1785953640530257.015	,1785953640530258.195	
6,te_scatter_226cddbe36c13c7aebd4a0af4bc042719ab78ce0f7965ec85f752da1566c91ec__kernel0,AI_VECTOR_CORE,6,208,1.340,1785953640530258.215	,1785953640530259.555	
6,te_applyrotaryposemb_d142cc98ab2a1283d0b176e197a8ed3001866bf12ff64f3cce53340ff1295250__kernel0,AI_VECTOR_CORE,6,209,3.360,1785953640530259.575	,1785953640530262.935	
6,te_scatter_226cddbe36c13c7aebd4a0af4bc042719ab78ce0f7965ec85f752da1566c91ec__kernel0,AI_VECTOR_CORE,6,210,1.080,1785953640530262.955	,1785953640530264.035	
6,te_increflashattention_2914112daf2119d1a6ac422cf22e392b78d9700782ead7ab08aedf7e11e5e07a,MIX_AIC,6,211,19.380,1785953640530265.015	,1785953640530284.395	
6,te_matmul_a92d78a2a636f0ef9776f17dd0acd72f7ba1d30e82463bbb55edd5081230e838__kernel0,AI_CORE,6,212,4.700,1785953640530285.635	,1785953640530290.335	
6,te_inplaceaddrmsnorm_a883b051670cdb40aecf76240ba6a16cb95509b6a775ad8f61eb853cf6acb1f9__kernel0,AI_VECTOR_CORE,6,213,1.660,1785953640530290.355	,1785953640530292.015	
6,te_matmul_bac92edeeee5b874c1c665ecb93900a68beded56e576c8b8b4a54f95d341bdf0__kernel0,AI_CORE,6,214,8.200,1785953640530292.035	,1785953640530300.235	
6,te_matmul_bac92edeeee5b874c1c665ecb93900a68beded56e576c8b8b4a54f95d341bdf0__kernel0,AI_CORE,6,215,5.360,1785953640530300.255	,1785953640530305.615	
6,te_fused_op_swish_mul_6235946b44b6b3fc89fd62f02f7acc045d1373c83dbcb9f0004402584da8f7fa__kernel0,AI_VECTOR_CORE,6,216,1.560,1785953640530305.635	,1785953640530307.195	
6,te_matmul_d08950d81d2f88768302fcaea768c33589946bf5769be44a85bd2514a20364c9__kernel0,AI_CORE,6,217,8.220,1785953640530307.215	,1785953640530315.435	
6,te_inplaceaddrmsnorm_a883b051670cdb40aecf76240ba6a16cb95509b6a775ad8f61eb853cf6acb1f9__kernel0,AI_VECTOR_CORE,6,218,1.460,1785953640530315.455	,1785953640530316.915	
6,te_matmul_8b3306b24f57361e2a756293ea64a1342b18a16b177ad6fca4f83f7599a3ea0c__kernel0,AI_CORE,6,219,7.260,1785953640530316.935	,1785953640530324.195	
6,te_splitvd_d17965c7d7e8ef98e5c4a8c43fa07c60556f4deba7163560075b8d51d2e3b888__kernel0,AI_VECTOR_CORE,6,220,0.980,1785953640530324.215	,1785953640530325.195	
6,te_scatter_226cddbe36c13c7aebd4a0af4bc042719ab78ce0f7965ec85f752da1566c91ec__kernel0,AI_VECTOR_CORE,6,221,1.020,1785953640530325.235	,1785953640530326.255	
6,te_applyrotaryposemb_d142cc98ab2a1283d0b176e197a8ed3001866bf12ff64f3cce53340ff1295250__kernel0,AI_VECTOR_CORE,6,222,2.280,1785953640530326.295	,1785953640530328.575	
6,te_scatter_226cddbe36c13c7aebd4a0af4bc042719ab78ce0f7965ec85f752da1566c91ec__kernel0,AI_VECTOR_CORE,6,223,0.980,1785953640530328.595	,1785953640530329.575	
6,te_increflashattention_2914112daf2119d1a6ac422cf22e392b78d9700782ead7ab08aedf7e11e5e07a,MIX_AIC,6,224,20.820,1785953640530330.935	,1785953640530351.755	
6,te_matmul_a92d78a2a636f0ef9776f17dd0acd72f7ba1d30e82463bbb55edd5081230e838__kernel0,AI_CORE,6,225,4.640,1785953640530352.795	,1785953640530357.435	
6,te_inplaceaddrmsnorm_a883b051670cdb40aecf76240ba6a16cb95509b6a775ad8f61eb853cf6acb1f9__kernel0,AI_VECTOR_CORE,6,226,1.920,1785953640530357.455	,1785953640530359.375	
6,te_matmul_bac92edeeee5b874c1c665ecb93900a68beded56e576c8b8b4a54f95d341bdf0__kernel0,AI_CORE,6,227,8.280,1785953640530359.415	,1785953640530367.695	
6,te_matmul_bac92edeeee5b874c1c665ecb93900a68beded56e576c8b8b4a54f95d341bdf0__kernel0,AI_CORE,6,228,5.680,1785953640530367.715	,1785953640530373.395	
6,te_fused_op_swish_mul_6235946b44b6b3fc89fd62f02f7acc045d1373c83dbcb9f0004402584da8f7fa__kernel0,AI_VECTOR_CORE,6,229,1.740,1785953640530373.415	,1785953640530375.155	
6,te_matmul_d08950d81d2f88768302fcaea768c33589946bf5769be44a85bd2514a20364c9__kernel0,AI_CORE,6,230,8.660,1785953640530375.175	,1785953640530383.835	
6,te_inplaceaddrmsnorm_a883b051670cdb40aecf76240ba6a16cb95509b6a775ad8f61eb853cf6acb1f9__kernel0,AI_VECTOR_CORE,6,231,1.440,1785953640530383.875	,1785953640530385.315	
6,te_matmul_8b3306b24f57361e2a756293ea64a1342b18a16b177ad6fca4f83f7599a3ea0c__kernel0,AI_CORE,6,232,7.640,1785953640530385.335	,1785953640530392.975	
6,te_splitvd_d17965c7d7e8ef98e5c4a8c43fa07c60556f4deba7163560075b8d51d2e3b888__kernel0,AI_VECTOR_CORE,6,233,0.980,1785953640530392.995	,1785953640530393.975	
6,te_scatter_226cddbe36c13c7aebd4a0af4bc042719ab78ce0f7965ec85f752da1566c91ec__kernel0,AI_VECTOR_CORE,6,234,1.100,1785953640530393.995	,1785953640530395.095	
6,te_applyrotaryposemb_d142cc98ab2a1283d0b176e197a8ed3001866bf12ff64f3cce53340ff1295250__kernel0,AI_VECTOR_CORE,6,235,2.280,1785953640530395.115	,1785953640530397.395	
6,te_scatter_226cddbe36c13c7aebd4a0af4bc042719ab78ce0f7965ec85f752da1566c91ec__kernel0,AI_VECTOR_CORE,6,236,1.040,1785953640530397.415	,1785953640530398.455	
6,te_increflashattention_2914112daf2119d1a6ac422cf22e392b78d9700782ead7ab08aedf7e11e5e07a,MIX_AIC,6,237,21.920,1785953640530399.855	,1785953640530421.775	
6,te_matmul_a92d78a2a636f0ef9776f17dd0acd72f7ba1d30e82463bbb55edd5081230e838__kernel0,AI_CORE,6,238,5.040,1785953640530422.735	,1785953640530427.775	
6,te_inplaceaddrmsnorm_a883b051670cdb40aecf76240ba6a16cb95509b6a775ad8f61eb853cf6acb1f9__kernel0,AI_VECTOR_CORE,6,239,1.540,1785953640530427.795	,1785953640530429.335	
6,te_matmul_bac92edeeee5b874c1c665ecb93900a68beded56e576c8b8b4a54f95d341bdf0__kernel0,AI_CORE,6,240,8.540,1785953640530429.355	,1785953640530437.895	
6,te_matmul_bac92edeeee5b874c1c665ecb93900a68beded56e576c8b8b4a54f95d341bdf0__kernel0,AI_CORE,6,241,6.320,1785953640530437.935	,1785953640530444.255	
6,te_fused_op_swish_mul_6235946b44b6b3fc89fd62f02f7acc045d1373c83dbcb9f0004402584da8f7fa__kernel0,AI_VECTOR_CORE,6,242,1.460,1785953640530444.275	,1785953640530445.735	
6,te_matmul_d08950d81d2f88768302fcaea768c33589946bf5769be44a85bd2514a20364c9__kernel0,AI_CORE,6,243,8.380,1785953640530445.755	,1785953640530454.135	
6,te_inplaceaddrmsnorm_a883b051670cdb40aecf76240ba6a16cb95509b6a775ad8f61eb853cf6acb1f9__kernel0,AI_VECTOR_CORE,6,244,1.560,1785953640530454.155	,1785953640530455.715	
6,te_matmul_8b3306b24f57361e2a756293ea64a1342b18a16b177ad6fca4f83f7599a3ea0c__kernel0,AI_CORE,6,245,8.240,1785953640530455.735	,1785953640530463.975	
6,te_splitvd_d17965c7d7e8ef98e5c4a8c43fa07c60556f4deba7163560075b8d51d2e3b888__kernel0,AI_VECTOR_CORE,6,246,1.120,1785953640530463.995	,1785953640530465.115	
6,te_scatter_226cddbe36c13c7aebd4a0af4bc042719ab78ce0f7965ec85f752da1566c91ec__kernel0,AI_VECTOR_CORE,6,247,1.080,1785953640530465.135	,1785953640530466.215	
6,te_applyrotaryposemb_d142cc98ab2a1283d0b176e197a8ed3001866bf12ff64f3cce53340ff1295250__kernel0,AI_VECTOR_CORE,6,248,2.400,1785953640530466.235	,1785953640530468.635	
6,te_scatter_226cddbe36c13c7aebd4a0af4bc042719ab78ce0f7965ec85f752da1566c91ec__kernel0,AI_VECTOR_CORE,6,249,1.040,1785953640530468.655	,1785953640530469.695	
6,te_increflashattention_2914112daf2119d1a6ac422cf22e392b78d9700782ead7ab08aedf7e11e5e07a,MIX_AIC,6,250,22.340,1785953640530470.835	,1785953640530493.175	
6,te_matmul_a92d78a2a636f0ef9776f17dd0acd72f7ba1d30e82463bbb55edd5081230e838__kernel0,AI_CORE,6,251,4.740,1785953640530493.875	,1785953640530498.615	
6,te_inplaceaddrmsnorm_a883b051670cdb40aecf76240ba6a16cb95509b6a775ad8f61eb853cf6acb1f9__kernel0,AI_VECTOR_CORE,6,252,1.580,1785953640530498.635	,1785953640530500.215	
6,te_matmul_bac92edeeee5b874c1c665ecb93900a68beded56e576c8b8b4a54f95d341bdf0__kernel0,AI_CORE,6,253,8.360,1785953640530500.235	,1785953640530508.595	
6,te_matmul_bac92edeeee5b874c1c665ecb93900a68beded56e576c8b8b4a54f95d341bdf0__kernel0,AI_CORE,6,254,5.500,1785953640530508.615	,1785953640530514.115	
6,te_fused_op_swish_mul_6235946b44b6b3fc89fd62f02f7acc045d1373c83dbcb9f0004402584da8f7fa__kernel0,AI_VECTOR_CORE,6,255,1.580,1785953640530514.135	,1785953640530515.715	
6,te_matmul_d08950d81d2f88768302fcaea768c33589946bf5769be44a85bd2514a20364c9__kernel0,AI_CORE,6,256,8.900,1785953640530515.735	,1785953640530524.635	
6,te_inplaceaddrmsnorm_a883b051670cdb40aecf76240ba6a16cb95509b6a775ad8f61eb853cf6acb1f9__kernel0,AI_VECTOR_CORE,6,257,1.500,1785953640530524.655	,1785953640530526.155	
6,te_matmul_8b3306b24f57361e2a756293ea64a1342b18a16b177ad6fca4f83f7599a3ea0c__kernel0,AI_CORE,6,258,7.400,1785953640530526.175	,1785953640530533.575	
6,te_splitvd_d17965c7d7e8ef98e5c4a8c43fa07c60556f4deba7163560075b8d51d2e3b888__kernel0,AI_VECTOR_CORE,6,259,1.040,1785953640530533.615	,1785953640530534.655	
6,te_scatter_226cddbe36c13c7aebd4a0af4bc042719ab78ce0f7965ec85f752da1566c91ec__kernel0,AI_VECTOR_CORE,6,260,1.180,1785953640530534.675	,1785953640530535.855	
6,te_applyrotaryposemb_d142cc98ab2a1283d0b176e197a8ed3001866bf12ff64f3cce53340ff1295250__kernel0,AI_VECTOR_CORE,6,261,2.300,1785953640530535.895	,1785953640530538.195	
6,te_scatter_226cddbe36c13c7aebd4a0af4bc042719ab78ce0f7965ec85f752da1566c91ec__kernel0,AI_VECTOR_CORE,6,262,0.980,1785953640530538.215	,1785953640530539.195	
6,te_increflashattention_2914112daf2119d1a6ac422cf22e392b78d9700782ead7ab08aedf7e11e5e07a,MIX_AIC,6,263,21.040,1785953640530540.355	,1785953640530561.395	
6,te_matmul_a92d78a2a636f0ef9776f17dd0acd72f7ba1d30e82463bbb55edd5081230e838__kernel0,AI_CORE,6,264,4.280,1785953640530562.215	,1785953640530566.495	
6,te_inplaceaddrmsnorm_a883b051670cdb40aecf76240ba6a16cb95509b6a775ad8f61eb853cf6acb1f9__kernel0,AI_VECTOR_CORE,6,265,1.580,1785953640530566.515	,1785953640530568.095	
6,te_matmul_bac92edeeee5b874c1c665ecb93900a68beded56e576c8b8b4a54f95d341bdf0__kernel0,AI_CORE,6,266,8.480,1785953640530568.115	,1785953640530576.595	
6,te_matmul_bac92edeeee5b874c1c665ecb93900a68beded56e576c8b8b4a54f95d341bdf0__kernel0,AI_CORE,6,267,5.580,1785953640530576.615	,1785953640530582.195	
6,te_fused_op_swish_mul_6235946b44b6b3fc89fd62f02f7acc045d1373c83dbcb9f0004402584da8f7fa__kernel0,AI_VECTOR_CORE,6,268,1.660,1785953640530582.215	,1785953640530583.875	
6,te_matmul_d08950d81d2f88768302fcaea768c33589946bf5769be44a85bd2514a20364c9__kernel0,AI_CORE,6,269,8.400,1785953640530583.915	,1785953640530592.315	
6,te_inplaceaddrmsnorm_00140acccd5d124de66fb2201391b9471484a775ad3033771fec0ec5bb3ad989__kernel0,AI_VECTOR_CORE,6,270,2.280,1785953640530592.355	,1785953640530594.635	
6,te_matmul_bd6bb06e454cbd5a6db8e629d6afcfe95282ec4fbbe6dc1b4d08d12e66ee3768__kernel0,AI_CORE,6,271,164.960,1785953640530594.655	,1785953640530759.615	
6,N/A,NOTIFY_RECORD,6,272,0.000,1785953640530759.635	,1785953640530759.635	
6,N/A,PROFILER_TRACE_EX,3,1008,0.020,1785953640530785.395	,1785953640530785.415	
6,Cast_1fb1c1a33856de01862630399320fff3_high_performance_210000000,AI_VECTOR_CORE,3,1009,8.620,1785953640530785.435	,1785953640530794.055	
6,ArgMaxV2_4402011f777d6374ab9f6425cb5984c4_high_performance_3,AI_VECTOR_CORE,3,1010,13.720,1785953640530794.075	,1785953640530807.795	
6,Cast_e87590d11ccda8b259ab6b1ea7212319_high_performance_210000000,AI_VECTOR_CORE,3,1011,1.300,1785953640530807.835	,1785953640530809.135	
6,N/A,EVENT_RECORD,3,1012,0.020,1785953640530809.155	,1785953640530809.175	
6,Fill_41dadce325b0f810d03359af2a38990b_high_performance_210000000,AI_VECTOR_CORE,3,1013,1.680,1785953640530809.335	,1785953640530811.015	
6,SelectV2_a32d70ed63082227463347a44bd5a08e_high_performance_210000000,AI_VECTOR_CORE,3,1014,2.540,1785953640530811.035	,1785953640530813.575	
6,Add_41dadce325b0f810d03359af2a38990b_high_performance_210000000,AI_VECTOR_CORE,3,1015,2.720,1785953640530813.615	,1785953640530816.335	
6,ZerosLike_1d2fd313763487259859439d7e9b41cf_high_performance_210000000,AI_VECTOR_CORE,3,1016,1.700,1785953640530894.475	,1785953640530896.175	
6,SelectV2_a32d70ed63082227463347a44bd5a08e_high_performance_210000000,AI_VECTOR_CORE,3,1017,1.800,1785953640530974.635	,1785953640530976.435	
6,N/A,PROFILING_DISABLE,0,5,0.000,1785953640544998.235	,1785953640544998.235	
