batch,token_budget,target_qps,actual_arrival_qps,peak_1s_arrivals,completed_qps,count,errors,kv_caps,mean_s,p50_s,p90_s,p95_s,p99_s,max_s,scheduled_p95_s,drain_s,max_outstanding,valid,sequence_sha256,artifact
16,4096,1,0.9889964731164879,4,0.9148085475739526,100,0,0,3.7610021749371665,2.4100045094965026,8.074876738095192,11.341263127035921,21.93567265353982,25.211791002075188,11.342438667849631,8.200715986957675,9,True,d874b593a394c604c833bde5530cdb6f6454e99f6d4b5dc3262ab6ed3703fb3d,tmp/09_persistent_page_engine/table_vllm_poisson_sweep100_budgets_qps1to8_324dd85a_20260908/budget4096/qps1/measured
16,4096,2,1.9779493538478248,7,1.5318903867084142,100,0,0,4.049664138184162,2.672889382520225,8.547993950964885,13.067427389509975,21.440642142808084,24.743286179029383,13.068080530985025,14.722935187486883,16,True,d874b593a394c604c833bde5530cdb6f6454e99f6d4b5dc3262ab6ed3703fb3d,tmp/09_persistent_page_engine/table_vllm_poisson_sweep100_budgets_qps1to8_324dd85a_20260908/budget4096/qps2/measured
16,4096,3,2.9669125511491665,9,1.9026622572371787,100,0,0,4.670810245110188,3.231385599996429,10.017606933298524,13.798104641429376,22.25941599096988,25.532848907983862,13.799005510256388,18.854010802947265,23,True,d874b593a394c604c833bde5530cdb6f6454e99f6d4b5dc3262ab6ed3703fb3d,tmp/09_persistent_page_engine/table_vllm_poisson_sweep100_budgets_qps1to8_324dd85a_20260908/budget4096/qps3/measured
16,4096,4,3.9559438083206993,12,2.116986169140574,100,0,0,6.342162338816561,4.715180647501256,12.638911230710804,15.981647149985653,23.738024590897854,26.967883848003112,15.983359062904489,21.959020808733044,28,True,d874b593a394c604c833bde5530cdb6f6454e99f6d4b5dc3262ab6ed3703fb3d,tmp/09_persistent_page_engine/table_vllm_poisson_sweep100_budgets_qps1to8_324dd85a_20260908/budget4096/qps4/measured
16,4096,5,4.9447286357248235,14,2.1365814922324566,100,0,0,8.213988616508432,7.331533818971366,13.654085390933325,17.405671142274503,27.57260143059191,30.587022888008505,17.407853478071036,26.581383066031503,40,True,d874b593a394c604c833bde5530cdb6f6454e99f6d4b5dc3262ab6ed3703fb3d,tmp/09_persistent_page_engine/table_vllm_poisson_sweep100_budgets_qps1to8_324dd85a_20260908/budget4096/qps5/measured
16,4096,6,5.933750697009464,14,2.154691568501566,100,0,0,9.278579602100654,8.669666526489891,14.998068522207907,17.606337441818305,30.035170802897788,32.896729753003456,17.607202970405325,29.55839241954838,49,True,d874b593a394c604c833bde5530cdb6f6454e99f6d4b5dc3262ab6ed3703fb3d,tmp/09_persistent_page_engine/table_vllm_poisson_sweep100_budgets_qps1to8_324dd85a_20260908/budget4096/qps6/measured
16,4096,7,6.922665398754291,15,2.1529984219688774,100,0,0,10.507936679136474,10.035220135527197,16.86970313221682,18.645231637015222,32.12606423387538,34.8622637380613,18.64614825300521,32.00231332379352,60,True,d874b593a394c604c833bde5530cdb6f6454e99f6d4b5dc3262ab6ed3703fb3d,tmp/09_persistent_page_engine/table_vllm_poisson_sweep100_budgets_qps1to8_324dd85a_20260908/budget4096/qps7/measured
16,4096,8,7.911387475409803,17,2.167065751548429,100,0,0,11.025130999357208,10.483537490013987,17.73992375135422,19.774764834385113,33.47275090256242,36.009078879025765,19.77617253800852,33.50637477987817,64,True,d874b593a394c604c833bde5530cdb6f6454e99f6d4b5dc3262ab6ed3703fb3d,tmp/09_persistent_page_engine/table_vllm_poisson_sweep100_budgets_qps1to8_324dd85a_20260908/budget4096/qps8/measured
16,8192,1,0.9889980929941948,4,0.9104304859173703,100,0,0,3.649683812184958,2.3373948850203305,7.162937785824768,11.377431680221337,22.053739305363287,25.161951265065,11.378020431799806,8.72637591098146,9,True,d874b593a394c604c833bde5530cdb6f6454e99f6d4b5dc3262ab6ed3703fb3d,tmp/09_persistent_page_engine/table_vllm_poisson_sweep100_budgets_qps1to8_324dd85a_20260908/budget8192/qps1/measured
16,8192,2,1.9779509446212526,7,1.5255959759591908,100,0,0,4.374601360555971,3.0016042590141296,9.273450528911782,13.16889390464639,22.57678174744245,25.0110151800327,13.169573575421234,14.992267124560613,16,True,d874b593a394c604c833bde5530cdb6f6454e99f6d4b5dc3262ab6ed3703fb3d,tmp/09_persistent_page_engine/table_vllm_poisson_sweep100_budgets_qps1to8_324dd85a_20260908/budget8192/qps2/measured
16,8192,3,2.966952230842445,9,1.9363023503812926,100,0,0,4.572208007802256,3.1973313610069454,9.81556733445032,13.205654689914075,21.355707138514862,24.619876191951334,13.206425045279312,17.940902453984414,23,True,d874b593a394c604c833bde5530cdb6f6454e99f6d4b5dc3262ab6ed3703fb3d,tmp/09_persistent_page_engine/table_vllm_poisson_sweep100_budgets_qps1to8_324dd85a_20260908/budget8192/qps3/measured
16,8192,4,3.9559109534112475,12,2.1121450169996545,100,0,0,6.591819455315126,5.032738139969297,12.98895664494485,16.13992102873162,23.837767054492158,27.075764061999507,16.141813063074366,22.067290519758103,30,True,d874b593a394c604c833bde5530cdb6f6454e99f6d4b5dc3262ab6ed3703fb3d,tmp/09_persistent_page_engine/table_vllm_poisson_sweep100_budgets_qps1to8_324dd85a_20260908/budget8192/qps4/measured
16,8192,5,4.944798147786796,14,2.1505513579311146,100,0,0,8.349063352833037,7.462302646483295,13.760941602475942,17.57897406478295,27.366471134121547,30.282831168035045,17.581177887949156,26.277348508023078,41,True,d874b593a394c604c833bde5530cdb6f6454e99f6d4b5dc3262ab6ed3703fb3d,tmp/09_persistent_page_engine/table_vllm_poisson_sweep100_budgets_qps1to8_324dd85a_20260908/budget8192/qps5/measured
16,8192,6,5.933673387715739,14,2.198220328392279,100,0,0,9.284816336132353,8.721229713526554,15.086123581719589,17.605630161665598,29.153447261975394,31.9773216759786,17.60715205910381,28.639383000506694,49,True,d874b593a394c604c833bde5530cdb6f6454e99f6d4b5dc3262ab6ed3703fb3d,tmp/09_persistent_page_engine/table_vllm_poisson_sweep100_budgets_qps1to8_324dd85a_20260908/budget8192/qps6/measured
16,8192,7,6.9223501779602605,15,2.2259428610785226,100,0,0,10.259570548415649,9.758498057432007,16.547623064147775,18.28502962473429,30.69520459288849,33.34088860207703,18.28612396438255,30.480243885898552,59,True,d874b593a394c604c833bde5530cdb6f6454e99f6d4b5dc3262ab6ed3703fb3d,tmp/09_persistent_page_engine/table_vllm_poisson_sweep100_budgets_qps1to8_324dd85a_20260908/budget8192/qps7/measured
16,8192,8,7.910754499078822,17,2.2070227759926215,100,0,0,10.843056775059086,10.309637869533617,17.46746851266362,19.42848952714701,32.544891017057246,35.17469484801404,19.42881421801865,32.67093675981647,64,True,d874b593a394c604c833bde5530cdb6f6454e99f6d4b5dc3262ab6ed3703fb3d,tmp/09_persistent_page_engine/table_vllm_poisson_sweep100_budgets_qps1to8_324dd85a_20260908/budget8192/qps8/measured
16,16384,1,0.9889963980869475,4,0.9167455636409716,100,0,0,3.535936582190916,2.2676243945606984,7.1258500665309885,10.91589298754697,21.42540226671148,24.545814233948477,10.916397099278395,7.9697467219707505,9,True,d874b593a394c604c833bde5530cdb6f6454e99f6d4b5dc3262ab6ed3703fb3d,tmp/09_persistent_page_engine/table_vllm_poisson_sweep100_budgets_qps1to8_324dd85a_20260908/budget16384/qps1/measured
16,16384,2,1.977968513971345,7,1.5363143244637847,100,0,0,4.026386443788652,2.6112227690173313,8.303720250050544,13.098739845567614,21.270623869952995,24.55436426808592,13.100086131744318,14.534959692480925,16,True,d874b593a394c604c833bde5530cdb6f6454e99f6d4b5dc3262ab6ed3703fb3d,tmp/09_persistent_page_engine/table_vllm_poisson_sweep100_budgets_qps1to8_324dd85a_20260908/budget16384/qps2/measured
16,16384,3,2.966940580998567,9,1.9194043566663848,100,0,0,4.8011456930241545,3.23617817601189,10.608015881828033,13.721657550218506,21.84196551872885,25.075118878972717,13.721924056753043,18.39557161207525,24,True,d874b593a394c604c833bde5530cdb6f6454e99f6d4b5dc3262ab6ed3703fb3d,tmp/09_persistent_page_engine/table_vllm_poisson_sweep100_budgets_qps1to8_324dd85a_20260908/budget16384/qps3/measured
16,16384,4,3.955887128848516,12,2.1348655569246193,100,0,0,6.3449717892473565,4.684683429484721,12.755999235925266,15.836370639305093,23.360084543008142,26.57220527296886,15.837159458891252,21.563413694778433,28,True,d874b593a394c604c833bde5530cdb6f6454e99f6d4b5dc3262ab6ed3703fb3d,tmp/09_persistent_page_engine/table_vllm_poisson_sweep100_budgets_qps1to8_324dd85a_20260908/budget16384/qps4/measured
16,16384,5,4.944746753973625,14,2.1389648306926468,100,0,0,8.147036577027757,7.368192047986668,13.636762626643758,17.35118458919459,27.387135748486052,30.535348169039935,17.35368378368438,26.52923206904752,40,True,d874b593a394c604c833bde5530cdb6f6454e99f6d4b5dc3262ab6ed3703fb3d,tmp/09_persistent_page_engine/table_vllm_poisson_sweep100_budgets_qps1to8_324dd85a_20260908/budget16384/qps5/measured
16,16384,6,5.933640984818768,14,2.182752179760662,100,0,0,9.53721819416387,8.959047090553213,15.2182830911479,17.867768919351494,29.515064001169534,32.299683545017615,17.86922345127094,28.961758988512354,50,True,d874b593a394c604c833bde5530cdb6f6454e99f6d4b5dc3262ab6ed3703fb3d,tmp/09_persistent_page_engine/table_vllm_poisson_sweep100_budgets_qps1to8_324dd85a_20260908/budget16384/qps6/measured
16,16384,7,6.922468431472385,15,2.2284505653081266,100,0,0,9.999443093527807,9.482693255413324,16.139286449097565,17.883116834040248,30.64835487701699,33.29057776695117,17.883958802325633,30.42968944682233,58,True,d874b593a394c604c833bde5530cdb6f6454e99f6d4b5dc3262ab6ed3703fb3d,tmp/09_persistent_page_engine/table_vllm_poisson_sweep100_budgets_qps1to8_324dd85a_20260908/budget16384/qps7/measured
16,16384,8,7.911072435361349,17,2.2203899959698994,100,0,0,10.888995973096462,10.3022343289922,17.512974871078043,19.471511651022574,32.43614505259205,34.90183228091337,19.47270880985887,32.398161474870506,64,True,d874b593a394c604c833bde5530cdb6f6454e99f6d4b5dc3262ab6ed3703fb3d,tmp/09_persistent_page_engine/table_vllm_poisson_sweep100_budgets_qps1to8_324dd85a_20260908/budget16384/qps8/measured
