profile,type,input_shapes,input_formats,input_dtypes,count_per_forward,us_per_forward
mixed_multilingual_dense,MatMulV2,,,,144.0,1292.5793333333338
mixed_multilingual_dense,Transpose,,,,96.0,623.2126666666668
mixed_multilingual_dense,AddLayerNorm,,,,49.0,422.461
mixed_multilingual_dense,Gelu,,,,24.0,306.433
mixed_multilingual_dense,TransData,,,,72.0,284.03833333333336
mixed_multilingual_dense,SoftmaxV2,,,,24.0,236.3316666666666
mixed_multilingual_dense,Muls,,,,24.0,221.5969999999999
mixed_multilingual_dense,Add,,,,25.0,204.34433333333337
mixed_multilingual_dense,BatchMatMul,,,,48.0,125.73700000000002
mixed_multilingual_dense,Cumsum,,,,1.0,35.080666666666666
mixed_multilingual_dense,GatherV2,,,,4.0,29.933999999999997
mixed_multilingual_dense,Cast,,,,5.0,10.333333333333334
mixed_multilingual_dense,BroadcastTo,,,,1.0,6.333666666666666
mixed_multilingual_dense,NotEqual,,,,1.0,2.0933333333333333
mixed_multilingual_dense,LpNormV2,,,,1.0,1.4799999999999998
mixed_multilingual_dense,RealDiv,,,,1.0,1.4266666666666665
mixed_multilingual_dense,ZerosLike,,,,1.0,1.4000000000000001
mixed_multilingual_dense,ClipByValueV2,,,,1.0,1.3933333333333333
mixed_multilingual_dense,AutomaticBufferFusionOp,,,,1.0,1.36
mixed_multilingual_dense,Mul,,,,1.0,1.2733333333333334
mixed_multilingual_ffn_w8a8,MatMulV2,,,,96.0,608.0716666666669
mixed_multilingual_ffn_w8a8,Transpose,,,,96.0,607.4800000000001
mixed_multilingual_ffn_w8a8,AddLayerNorm,,,,49.0,529.2646666666668
mixed_multilingual_ffn_w8a8,QuantBatchMatmulV3,,,,48.0,500.6023333333333
mixed_multilingual_ffn_w8a8,Quantize,,,,48.0,472.4626666666668
mixed_multilingual_ffn_w8a8,Add,,,,49.0,421.3016666666668
mixed_multilingual_ffn_w8a8,Gelu,,,,24.0,305.399
mixed_multilingual_ffn_w8a8,TransData,,,,72.0,289.30500000000035
mixed_multilingual_ffn_w8a8,SoftmaxV2,,,,24.0,239.57199999999997
mixed_multilingual_ffn_w8a8,Muls,,,,24.0,221.91099999999994
mixed_multilingual_ffn_w8a8,BatchMatMul,,,,48.0,140.01033333333334
mixed_multilingual_ffn_w8a8,Cumsum,,,,1.0,36.841
mixed_multilingual_ffn_w8a8,GatherV2,,,,4.0,29.907
mixed_multilingual_ffn_w8a8,Cast,,,,5.0,10.086666666666668
mixed_multilingual_ffn_w8a8,BroadcastTo,,,,1.0,6.406666666666666
mixed_multilingual_ffn_w8a8,NotEqual,,,,1.0,1.866666666666667
mixed_multilingual_ffn_w8a8,LpNormV2,,,,1.0,1.5066666666666666
mixed_multilingual_ffn_w8a8,RealDiv,,,,1.0,1.46
mixed_multilingual_ffn_w8a8,ClipByValueV2,,,,1.0,1.4266666666666665
mixed_multilingual_ffn_w8a8,Mul,,,,1.0,1.3399999999999999
mixed_multilingual_ffn_w8a8,AutomaticBufferFusionOp,,,,1.0,1.2733333333333334
mixed_multilingual_ffn_w8a8,ZerosLike,,,,1.0,1.2333333333333334
mixed_multilingual_full_w8a8,QuantBatchMatmulV3,,,,144.0,1031.2800000000022
mixed_multilingual_full_w8a8,Add,,,,121.0,757.6439999999994
mixed_multilingual_full_w8a8,Quantize,,,,96.0,750.244666666667
mixed_multilingual_full_w8a8,Transpose,,,,96.0,599.023333333334
mixed_multilingual_full_w8a8,AddLayerNorm,,,,49.0,508.18299999999954
mixed_multilingual_full_w8a8,Gelu,,,,24.0,305.651
mixed_multilingual_full_w8a8,TransData,,,,72.0,283.4843333333333
mixed_multilingual_full_w8a8,SoftmaxV2,,,,24.0,239.18766666666662
mixed_multilingual_full_w8a8,Muls,,,,24.0,222.17466666666664
mixed_multilingual_full_w8a8,BatchMatMul,,,,48.0,145.69000000000003
mixed_multilingual_full_w8a8,Cumsum,,,,1.0,38.327333333333335
mixed_multilingual_full_w8a8,GatherV2,,,,4.0,30.100333333333328
mixed_multilingual_full_w8a8,Cast,,,,5.0,9.847
mixed_multilingual_full_w8a8,BroadcastTo,,,,1.0,6.359999999999999
mixed_multilingual_full_w8a8,NotEqual,,,,1.0,1.88
mixed_multilingual_full_w8a8,LpNormV2,,,,1.0,1.5
mixed_multilingual_full_w8a8,RealDiv,,,,1.0,1.42
mixed_multilingual_full_w8a8,ClipByValueV2,,,,1.0,1.4066666666666665
mixed_multilingual_full_w8a8,ZerosLike,,,,1.0,1.327
mixed_multilingual_full_w8a8,AutomaticBufferFusionOp,,,,1.0,1.3133333333333335
mixed_multilingual_full_w8a8,Mul,,,,1.0,1.28
long_truncated_dense,MatMulV2,,,,144.0,1868.4843333333329
long_truncated_dense,Transpose,,,,96.0,779.2886666666669
long_truncated_dense,AddLayerNorm,,,,49.0,655.0999999999998
long_truncated_dense,SoftmaxV2,,,,24.0,651.1866666666668
long_truncated_dense,Gelu,,,,24.0,366.5133333333334
long_truncated_dense,BatchMatMul,,,,48.0,281.3643333333335
long_truncated_dense,TransData,,,,48.0,280.299
long_truncated_dense,Add,,,,25.0,275.3056666666666
long_truncated_dense,Muls,,,,24.0,219.97833333333327
long_truncated_dense,GatherV2,,,,4.0,35.70033333333333
long_truncated_dense,Cumsum,,,,1.0,34.521
long_truncated_dense,Cast,,,,5.0,10.166999999999998
long_truncated_dense,NotEqual,,,,1.0,1.9133333333333333
long_truncated_dense,ZerosLike,,,,1.0,1.4333333333333333
long_truncated_dense,ClipByValueV2,,,,1.0,1.4000000000000001
long_truncated_dense,LpNormV2,,,,1.0,1.327
long_truncated_dense,AutomaticBufferFusionOp,,,,1.0,1.3066666666666666
long_truncated_dense,RealDiv,,,,1.0,1.2866666666666668
long_truncated_dense,Mul,,,,1.0,1.2533333333333332
long_truncated_dense,BroadcastTo,,,,1.0,1.2066666666666668
long_truncated_ffn_w8a8,AddLayerNorm,,,,49.0,913.5849999999995
long_truncated_ffn_w8a8,MatMulV2,,,,96.0,860.997666666667
long_truncated_ffn_w8a8,Transpose,,,,96.0,766.9820000000001
long_truncated_ffn_w8a8,SoftmaxV2,,,,24.0,722.9546666666669
long_truncated_ffn_w8a8,QuantBatchMatmulV3,,,,48.0,716.4150000000001
long_truncated_ffn_w8a8,Add,,,,49.0,515.1496666666667
long_truncated_ffn_w8a8,Quantize,,,,48.0,514.5563333333332
long_truncated_ffn_w8a8,Gelu,,,,24.0,370.1136666666668
long_truncated_ffn_w8a8,TransData,,,,48.0,289.05200000000013
long_truncated_ffn_w8a8,BatchMatMul,,,,48.0,269.7803333333333
long_truncated_ffn_w8a8,Muls,,,,24.0,238.18433333333346
long_truncated_ffn_w8a8,Cumsum,,,,1.0,41.12733333333333
long_truncated_ffn_w8a8,GatherV2,,,,4.0,33.46066666666667
long_truncated_ffn_w8a8,Cast,,,,5.0,10.367
long_truncated_ffn_w8a8,NotEqual,,,,1.0,1.9333333333333333
long_truncated_ffn_w8a8,ZerosLike,,,,1.0,1.5333333333333332
long_truncated_ffn_w8a8,ClipByValueV2,,,,1.0,1.3533333333333333
long_truncated_ffn_w8a8,Mul,,,,1.0,1.3399999999999999
long_truncated_ffn_w8a8,LpNormV2,,,,1.0,1.3266666666666669
long_truncated_ffn_w8a8,AutomaticBufferFusionOp,,,,1.0,1.3066666666666666
long_truncated_ffn_w8a8,RealDiv,,,,1.0,1.24
long_truncated_ffn_w8a8,BroadcastTo,,,,1.0,1.1533333333333333
long_truncated_full_w8a8,QuantBatchMatmulV3,,,,144.0,1379.7080000000014
long_truncated_full_w8a8,Add,,,,121.0,903.2106666666664
long_truncated_full_w8a8,AddLayerNorm,,,,49.0,845.5966666666667
long_truncated_full_w8a8,Quantize,,,,96.0,813.3086666666668
long_truncated_full_w8a8,Transpose,,,,96.0,754.3816666666667
long_truncated_full_w8a8,SoftmaxV2,,,,24.0,647.6466666666665
long_truncated_full_w8a8,Gelu,,,,24.0,369.815
long_truncated_full_w8a8,TransData,,,,48.0,289.2516666666666
long_truncated_full_w8a8,BatchMatMul,,,,48.0,270.00000000000006
long_truncated_full_w8a8,Muls,,,,24.0,238.19100000000006
long_truncated_full_w8a8,Cumsum,,,,1.0,39.834
long_truncated_full_w8a8,GatherV2,,,,4.0,32.55433333333334
long_truncated_full_w8a8,Cast,,,,5.0,10.433666666666666
long_truncated_full_w8a8,NotEqual,,,,1.0,1.9533333333333331
long_truncated_full_w8a8,ZerosLike,,,,1.0,1.5666666666666664
long_truncated_full_w8a8,AutomaticBufferFusionOp,,,,1.0,1.4133333333333333
long_truncated_full_w8a8,Mul,,,,1.0,1.3999999999999997
long_truncated_full_w8a8,LpNormV2,,,,1.0,1.3336666666666668
long_truncated_full_w8a8,RealDiv,,,,1.0,1.2666666666666666
long_truncated_full_w8a8,ClipByValueV2,,,,1.0,1.2533333333333332
long_truncated_full_w8a8,BroadcastTo,,,,1.0,1.1600000000000001
batch4_full512_dense,MatMulV2,,,,144.0,5262.946000000003
batch4_full512_dense,SoftmaxV2,,,,24.0,2005.2536666666674
batch4_full512_dense,AddLayerNorm,,,,49.0,1262.0846666666664
batch4_full512_dense,Transpose,,,,96.0,924.8773333333329
batch4_full512_dense,Gelu,,,,24.0,894.1713333333336
batch4_full512_dense,BatchMatMul,,,,48.0,672.2453333333334
batch4_full512_dense,Muls,,,,24.0,562.0313333333335
batch4_full512_dense,Add,,,,25.0,499.5633333333333
batch4_full512_dense,TransData,,,,72.0,435.13000000000005
batch4_full512_dense,Cumsum,,,,1.0,49.501000000000005
batch4_full512_dense,GatherV2,,,,4.0,44.661
batch4_full512_dense,Cast,,,,5.0,12.447000000000001
batch4_full512_dense,BroadcastTo,,,,1.0,6.106999999999999
batch4_full512_dense,NotEqual,,,,1.0,2.373333333333333
batch4_full512_dense,ZerosLike,,,,1.0,2.0533333333333332
batch4_full512_dense,LpNormV2,,,,1.0,1.9799999999999998
batch4_full512_dense,RealDiv,,,,1.0,1.9133333333333333
batch4_full512_dense,Mul,,,,1.0,1.6066666666666667
batch4_full512_dense,ClipByValueV2,,,,1.0,1.4933333333333334
batch4_full512_dense,AutomaticBufferFusionOp,,,,1.0,1.2533333333333332
batch4_full512_ffn_w8a8,SoftmaxV2,,,,24.0,2081.714333333333
batch4_full512_ffn_w8a8,MatMulV2,,,,96.0,1899.4766666666676
batch4_full512_ffn_w8a8,AddLayerNorm,,,,49.0,1765.5093333333336
batch4_full512_ffn_w8a8,QuantBatchMatmulV3,,,,48.0,1551.631333333333
batch4_full512_ffn_w8a8,Transpose,,,,96.0,914.3649999999997
batch4_full512_ffn_w8a8,Gelu,,,,24.0,892.9436666666669
batch4_full512_ffn_w8a8,Add,,,,49.0,871.837666666666
batch4_full512_ffn_w8a8,Quantize,,,,48.0,854.6383333333334
batch4_full512_ffn_w8a8,BatchMatMul,,,,48.0,671.3526666666667
batch4_full512_ffn_w8a8,Muls,,,,24.0,521.2636666666667
batch4_full512_ffn_w8a8,TransData,,,,72.0,433.5896666666666
batch4_full512_ffn_w8a8,Cumsum,,,,1.0,49.05433333333334
batch4_full512_ffn_w8a8,GatherV2,,,,4.0,43.681000000000004
batch4_full512_ffn_w8a8,Cast,,,,5.0,12.787
batch4_full512_ffn_w8a8,BroadcastTo,,,,1.0,6.133333333333333
batch4_full512_ffn_w8a8,NotEqual,,,,1.0,2.4133333333333336
batch4_full512_ffn_w8a8,ZerosLike,,,,1.0,2.066666666666667
batch4_full512_ffn_w8a8,LpNormV2,,,,1.0,1.9466666666666665
batch4_full512_ffn_w8a8,RealDiv,,,,1.0,1.8533333333333335
batch4_full512_ffn_w8a8,Mul,,,,1.0,1.6066666666666667
batch4_full512_ffn_w8a8,ClipByValueV2,,,,1.0,1.4333333333333333
batch4_full512_ffn_w8a8,AutomaticBufferFusionOp,,,,1.0,1.28
batch4_full512_full_w8a8,QuantBatchMatmulV3,,,,144.0,2621.152666666668
batch4_full512_full_w8a8,SoftmaxV2,,,,24.0,2087.928
batch4_full512_full_w8a8,AddLayerNorm,,,,49.0,1613.5333333333338
batch4_full512_full_w8a8,Add,,,,121.0,1457.8176666666666
batch4_full512_full_w8a8,Quantize,,,,96.0,1358.3259999999998
batch4_full512_full_w8a8,Transpose,,,,96.0,915.6519999999997
batch4_full512_full_w8a8,Gelu,,,,24.0,893.151
batch4_full512_full_w8a8,BatchMatMul,,,,48.0,671.2806666666665
batch4_full512_full_w8a8,Muls,,,,24.0,521.5633333333335
batch4_full512_full_w8a8,TransData,,,,72.0,434.3209999999999
batch4_full512_full_w8a8,Cumsum,,,,1.0,53.64133333333333
batch4_full512_full_w8a8,GatherV2,,,,4.0,41.14033333333334
batch4_full512_full_w8a8,Cast,,,,5.0,12.820000000000002
batch4_full512_full_w8a8,BroadcastTo,,,,1.0,6.133333333333333
batch4_full512_full_w8a8,NotEqual,,,,1.0,2.4666666666666663
batch4_full512_full_w8a8,ZerosLike,,,,1.0,2.0733333333333337
batch4_full512_full_w8a8,LpNormV2,,,,1.0,1.9466666666666665
batch4_full512_full_w8a8,RealDiv,,,,1.0,1.84
batch4_full512_full_w8a8,Mul,,,,1.0,1.6866666666666665
batch4_full512_full_w8a8,ClipByValueV2,,,,1.0,1.3733333333333333
batch4_full512_full_w8a8,AutomaticBufferFusionOp,,,,1.0,1.24
